Time,Price,%,SD
25/03 09:25,"1,468.11",-0.16,10.13
Base,High,Low,CALL,,PUT,Low,High,Base
5264,0,0,5264,1420,220,0,0,220
4406,0,0,4406,1430,297,0,0,297
3416,0,0,3416,1440,420,0,0,420
2547,0,0,2547,1450,581,0,0,581
1773,0,0,1773,1460,799,0,0,799
1066,0,0,1066,1470,1124,0,0,1124
539,0,0,539,1480,1606,0,0,1606
228,0,0,228,1490,2239,0,0,2239
87,0,0,87,1500,3104,0,0,3104
41,0,0,41,1510,4052,0,0,4052
Time,Price,%,SD
25/03 09:30,"1,465.71",-0.32,10.13
Base,High,Low,CALL,,PUT,Low,High,Base
5264,0,0,5264,1420,220,0,0,220
4406,0,0,4406,1430,297,0,0,297
3416,0,0,3416,1440,420,0,0,420
2547,0,0,2547,1450,581,0,0,581
1773,0,0,1773,1460,799,0,0,799
1066,0,0,1066,1470,1124,0,0,1124
539,0,0,539,1480,1606,0,0,1606
228,0,0,228,1490,2239,0,0,2239
87,0,0,87,1500,3104,0,0,3104
41,0,0,41,1510,4052,0,0,4052
Time,Price,%,SD
25/03 09:32,"1,465.71",-0.32,10.13
Base,High,Low,CALL,,PUT,Low,High,Base
5264,0,0,5264,1420,220,0,0,220
4406,0,0,4406,1430,297,0,0,297
3416,0,0,3416,1440,420,0,0,420
2547,0,0,2547,1450,581,0,0,581
1773,0,0,1773,1460,799,0,0,799
1066,0,0,1066,1470,1124,0,0,1124
539,0,0,539,1480,1606,0,0,1606
228,0,0,228,1490,2239,0,0,2239
87,0,0,87,1500,3104,0,0,3104
41,0,0,41,1510,4052,0,0,4052
Time,Price,%,SD
25/03 09:34,"1,465.71",-0.32,10.13
Base,High,Low,CALL,,PUT,Low,High,Base
5264,0,0,5264,1420,220,0,0,220
4406,0,0,4406,1430,297,0,0,297
3416,0,0,3416,1440,420,0,0,420
2547,0,0,2547,1450,581,0,0,581
1773,0,0,1773,1460,799,1720,2300,799
1066,750,125,1066,1470,1124,2300,3050,1124
539,195,40,539,1480,1606,3000,3950,1606
228,120,19,228,1490,2239,4200,4900,2239
87,38,10,87,1500,3104,5800,5850,3104
41,30,6,41,1510,4052,0,0,4052
Time,Price,%,SD
25/03 09:37,"1,441.98",-1.94,10.13
Base,High,Low,CALL,,PUT,Low,High,Base
7331,0,0,7331,1400,106,260,330,106
6620,0,0,6620,1410,153,230,430,153
5264,0,0,5264,1420,220,350,690,220
4406,2100,1950,4406,1430,297,700,940,297
3416,1680,1310,3416,1440,420,1010,1300,420
2547,1200,780,2547,1450,581,1400,1750,581
1773,1000,370,1773,1460,799,1720,2300,799
1066,750,125,1066,1470,1124,2300,3050,1124
539,195,40,539,1480,1606,3000,3950,1606
228,120,19,228,1490,2239,4200,4900,2239
Time,Price,%,SD
25/03 09:39,"1,441.98",-1.94,10.13
Base,High,Low,CALL,,PUT,Low,High,Base
7331,0,0,7331,1400,280,260,330,106
6620,0,0,6620,1410,400,230,430,153
5264,0,0,5264,1420,580,350,690,220
4406,2100,1950,1950,1430,840,700,940,297
3416,1680,1310,1310,1440,1180,1010,1300,420
2547,1200,780,780,1450,1650,1400,1750,581
1773,1000,370,370,1460,2230,1720,2300,799
1066,750,125,145,1470,3020,2300,3050,1124
539,195,40,58,1480,3900,3000,3950,1606
228,120,19,20,1490,4900,4200,4900,2239
Time,Price,%,SD
25/03 09:41,"1,437.02",-2.27,10.13
Base,High,Low,CALL,,PUT,Low,High,Base
10610,0,0,10610,1390,240,150,240,77
7331,0,0,7331,1400,280,260,330,106
6620,0,0,6620,1410,400,230,430,153
5264,0,0,5264,1420,580,350,690,220
4406,2100,1920,1950,1430,840,700,940,297
3416,1680,1290,1310,1440,1180,1010,1300,420
2547,1200,740,780,1450,1650,1400,1750,581
1773,1000,350,370,1460,2230,1720,2300,799
1066,750,125,145,1470,3020,2300,3050,1124
539,195,40,58,1480,3900,3000,3950,1606
Time,Price,%,SD
25/03 09:42,"1,439.60",-2.10,10.13
Base,High,Low,CALL,,PUT,Low,High,Base
10610,5300,5300,5090,1390,190,150,240,77
7331,0,0,4180,1400,270,220,330,106
6620,0,0,3270,1410,380,230,430,153
5264,0,0,2430,1420,540,350,690,220
4406,2100,1920,1680,1430,780,700,940,297
3416,1680,1290,1030,1440,1140,1010,1300,420
2547,1200,740,550,1450,1650,1400,1750,581
1773,1000,350,260,1460,2350,1720,2300,799
1066,750,90,94,1470,3210,2300,3270,1124
539,195,34,36,1480,4140,3000,4200,1606
Time,Price,%,SD
25/03 09:45,"1,439.60",-2.10,10.13
Base,High,Low,CALL,,PUT,Low,High,Base
10610,5300,5090,5090,1390,190,130,240,77
7331,4440,4120,4180,1400,270,200,330,106
6620,3500,3250,3270,1410,380,230,430,153
5264,2720,2370,2430,1420,540,350,690,220
4406,2100,1610,1680,1430,780,670,940,297
3416,1680,990,1030,1440,1140,1000,1300,420
2547,1200,520,550,1450,1650,1400,1750,581
1773,1000,230,260,1460,2350,1720,2400,799
1066,750,90,94,1470,3210,2300,3270,1124
539,195,34,36,1480,4140,3000,4200,1606
Time,Price,%,SD
25/03 09:48,"1,439.60",-2.10,10.13
Base,High,Low,CALL,,PUT,Low,High,Base
10610,5300,5090,5090,1390,190,130,240,77
7331,4440,4120,4180,1400,270,200,330,106
6620,3500,3250,3270,1410,380,230,430,153
5264,2720,2370,2430,1420,540,350,690,220
4406,2100,1610,1680,1430,780,670,940,297
3416,1680,990,1030,1440,1140,1000,1300,420
2547,1200,520,550,1450,1650,1400,1750,581
1773,1000,230,260,1460,2350,1720,2400,799
1066,750,90,94,1470,3210,2300,3270,1124
539,195,34,36,1480,4140,3000,4200,1606
Time,Price,%,SD
25/03 09:50,"1,439.60",-2.10,10.13
Base,High,Low,CALL,,PUT,Low,High,Base
10610,5300,5090,5090,1390,190,130,240,77
7331,4440,4120,4180,1400,270,200,330,106
6620,3500,3250,3270,1410,380,230,430,153
5264,2720,2370,2430,1420,540,350,690,220
4406,2100,1610,1680,1430,780,670,940,297
3416,1680,990,1030,1440,1140,1000,1300,420
2547,1200,520,550,1450,1650,1400,1750,581
1773,1000,230,260,1460,2350,1720,2400,799
1066,750,90,94,1470,3210,2300,3270,1124
539,195,34,36,1480,4140,3000,4200,1606
Time,Price,%,SD
25/03 09:52,"1,439.60",-2.10,10.13
Base,High,Low,CALL,,PUT,Low,High,Base
10610,5300,5090,5090,1390,190,130,240,77
7331,4440,4120,4180,1400,270,200,330,106
6620,3500,3250,3270,1410,380,230,430,153
5264,2720,2370,2430,1420,540,350,690,220
4406,2100,1610,1680,1430,780,670,940,297
3416,1680,990,1030,1440,1140,1000,1300,420
2547,1200,520,550,1450,1650,1400,1750,581
1773,1000,230,260,1460,2350,1720,2400,799
1066,750,90,94,1470,3210,2300,3270,1124
539,195,34,36,1480,4140,3000,4200,1606
Time,Price,%,SD
25/03 09:54,"1,439.60",-2.10,10.13
Base,High,Low,CALL,,PUT,Low,High,Base
10610,5300,5090,5090,1390,190,130,240,77
7331,4440,4120,4180,1400,270,200,330,106
6620,3500,3250,3270,1410,380,230,430,153
5264,2720,2370,2430,1420,540,350,690,220
4406,2100,1610,1680,1430,780,670,940,297
3416,1680,990,1030,1440,1140,1000,1300,420
2547,1200,520,550,1450,1650,1400,1750,581
1773,1000,230,260,1460,2350,1720,2400,799
1066,750,90,94,1470,3210,2300,3270,1124
539,195,34,36,1480,4140,3000,4200,1606
Time,Price,%,SD
25/03 09:57,"1,439.60",-2.10,10.13
Base,High,Low,CALL,,PUT,Low,High,Base
10610,5300,5090,5090,1390,190,130,240,77
7331,4440,4120,4180,1400,270,200,330,106
6620,3500,3250,3270,1410,380,230,430,153
5264,2720,2370,2430,1420,540,350,690,220
4406,2100,1610,1680,1430,780,670,940,297
3416,1680,990,1030,1440,1140,1000,1300,420
2547,1200,520,550,1450,1650,1400,1750,581
1773,1000,230,260,1460,2350,1720,2400,799
1066,750,90,94,1470,3210,2300,3270,1124
539,195,34,36,1480,4140,3000,4200,1606
Time,Price,%,SD
25/03 09:59,"1,439.60",-2.10,10.13
Base,High,Low,CALL,,PUT,Low,High,Base
10610,5300,5090,5090,1390,190,130,240,77
7331,4440,4120,4180,1400,270,200,330,106
6620,3500,3250,3270,1410,380,230,430,153
5264,2720,2370,2430,1420,540,350,690,220
4406,2100,1610,1680,1430,780,670,940,297
3416,1680,990,1030,1440,1140,1000,1300,420
2547,1200,520,550,1450,1650,1400,1750,581
1773,1000,230,260,1460,2350,1720,2400,799
1066,750,90,94,1470,3210,2300,3270,1124
539,195,34,36,1480,4140,3000,4200,1606
Time,Price,%,SD
25/03 10:01,"1,439.60",-2.10,10.13
Base,High,Low,CALL,,PUT,Low,High,Base
10610,5300,5090,5090,1390,190,130,240,77
7331,4440,4120,4180,1400,270,200,330,106
6620,3500,3250,3270,1410,380,230,430,153
5264,2720,2370,2430,1420,540,350,690,220
4406,2100,1610,1680,1430,780,670,940,297
3416,1680,990,1030,1440,1140,1000,1300,420
2547,1200,520,550,1450,1650,1400,1750,581
1773,1000,230,260,1460,2350,1720,2400,799
1066,750,90,94,1470,3210,2300,3270,1124
539,195,34,36,1480,4140,3000,4200,1606
Time,Price,%,SD
25/03 10:03,"1,439.60",-2.10,10.13
Base,High,Low,CALL,,PUT,Low,High,Base
10610,5300,5090,5090,1390,190,130,240,77
7331,4440,4120,4180,1400,270,200,330,106
6620,3500,3250,3270,1410,380,230,430,153
5264,2720,2370,2430,1420,540,350,690,220
4406,2100,1610,1680,1430,780,670,940,297
3416,1680,990,1030,1440,1140,1000,1300,420
2547,1200,520,550,1450,1650,1400,1750,581
1773,1000,230,260,1460,2350,1720,2400,799
1066,750,90,94,1470,3210,2300,3270,1124
539,195,34,36,1480,4140,3000,4200,1606
Time,Price,%,SD
25/03 10:06,"1,438.11",-2.20,10.13
Base,High,Low,CALL,,PUT,Low,High,Base
10610,5300,5090,4890,1390,210,130,240,77
7331,4440,4120,3980,1400,300,200,330,106
6620,3500,3250,3110,1410,420,230,430,153
5264,2720,2370,2280,1420,600,350,690,220
4406,2100,1610,1550,1430,860,670,940,297
3416,1680,990,930,1440,1250,1000,1300,420
2547,1200,490,500,1450,1820,1400,1820,581
1773,1000,230,230,1460,2530,1720,2530,799
1066,750,90,92,1470,3390,2300,3400,1124
539,195,34,36,1480,4320,3000,4320,1606
Time,Price,%,SD
25/03 10:09,"1,438.11",-2.20,10.13
Base,High,Low,CALL,,PUT,Low,High,Base
10610,5300,4890,4890,1390,210,130,240,77
7331,4440,3980,3980,1400,300,200,330,106
6620,3500,3110,3110,1410,420,230,430,153
5264,2720,2280,2280,1420,600,350,690,220
4406,2100,1550,1550,1430,860,670,940,297
3416,1680,930,930,1440,1250,1000,1300,420
2547,1200,490,500,1450,1820,1400,1820,581
1773,1000,230,230,1460,2530,1720,2530,799
1066,750,90,92,1470,3390,2300,3400,1124
539,195,34,36,1480,4320,3000,4320,1606
Time,Price,%,SD
25/03 10:11,"1,436.61",-2.30,10.13
Base,High,Low,CALL,,PUT,Low,High,Base
10610,5300,4890,4890,1390,210,130,240,77
7331,4440,3980,3980,1400,300,200,350,106
6620,3500,3060,3110,1410,420,230,490,153
5264,2720,2180,2280,1420,600,350,690,220
4406,2100,1550,1550,1430,860,670,980,297
3416,1680,930,930,1440,1250,1000,1300,420
2547,1200,490,500,1450,1820,1400,1820,581
1773,1000,230,230,1460,2530,1720,2530,799
1066,750,90,92,1470,3390,2300,3400,1124
539,195,34,36,1480,4320,3000,4320,1606
Time,Price,%,SD
25/03 10:13,"1,436.61",-2.30,10.13
Base,High,Low,CALL,,PUT,Low,High,Base
10610,5300,4890,4890,1390,230,130,250,77
7331,4440,3870,3920,1400,320,200,350,106
6620,3500,3060,3060,1410,450,230,490,153
5264,2720,2180,2240,1420,630,350,690,220
4406,2100,1460,1500,1430,900,670,980,297
3416,1680,870,900,1440,1290,1000,1380,420
2547,1200,460,460,1450,1870,1400,1970,581
1773,1000,200,210,1460,2610,1720,2700,799
1066,750,82,84,1470,3500,2300,3570,1124
539,195,22,36,1480,4440,3000,4500,1606
Time,Price,%,SD
25/03 10:17,"1,436.10",-2.34,10.13
Base,High,Low,CALL,,PUT,Low,High,Base
10610,5300,4740,4890,1390,230,130,250,77
7331,4440,3840,3920,1400,320,200,350,106
6620,3500,2980,3060,1410,450,230,490,153
5264,2720,2140,2240,1420,630,350,690,220
4406,2100,1410,1500,1430,900,670,980,297
3416,1680,850,900,1440,1290,1000,1380,420
2547,1200,430,460,1450,1870,1400,1970,581
1773,1000,190,210,1460,2610,1720,2700,799
1066,750,72,84,1470,3500,2300,3580,1124
539,195,22,36,1480,4440,3000,4520,1606
Time,Price,%,SD
25/03 10:18,"1,436.10",-2.34,10.13
Base,High,Low,CALL,,PUT,Low,High,Base
10610,5300,4740,4810,1390,200,130,250,77
7331,4440,3840,3890,1400,290,200,350,106
6620,3500,2980,3010,1410,410,230,490,153
5264,2720,2140,2150,1420,590,350,690,220
4406,2100,1410,1460,1430,870,670,980,297
3416,1680,850,850,1440,1280,1000,1380,420
2547,1200,430,440,1450,1870,1400,1970,581
1773,1000,190,200,1460,2610,1720,2700,799
1066,750,72,78,1470,3490,2300,3580,1124
539,195,22,34,1480,4430,3000,4520,1606
Time,Price,%,SD
25/03 10:21,"1,436.80",-2.29,10.13
Base,High,Low,CALL,,PUT,Low,High,Base
10610,5300,4740,4810,1390,200,130,250,77
7331,4440,3840,3890,1400,290,200,350,106
6620,3500,2980,3010,1410,410,230,490,153
5264,2720,2140,2150,1420,590,350,690,220
4406,2100,1410,1460,1430,870,670,980,297
3416,1680,850,850,1440,1280,1000,1380,420
2547,1200,430,440,1450,1870,1400,1970,581
1773,1000,190,200,1460,2610,1720,2700,799
1066,750,72,78,1470,3490,2300,3580,1124
539,195,22,34,1480,4430,3000,4520,1606
Time,Price,%,SD
25/03 10:22,"1,436.80",-2.29,10.13
Base,High,Low,CALL,,PUT,Low,High,Base
10610,5300,4740,4810,1390,200,130,250,77
7331,4440,3840,3890,1400,290,200,350,106
6620,3500,2980,3010,1410,410,230,490,153
5264,2720,2140,2150,1420,590,350,690,220
4406,2100,1410,1460,1430,870,670,980,297
3416,1680,850,850,1440,1280,1000,1380,420
2547,1200,430,440,1450,1870,1400,1970,581
1773,1000,190,200,1460,2610,1720,2700,799
1066,750,72,78,1470,3490,2300,3580,1124
539,195,22,34,1480,4430,3000,4520,1606
Time,Price,%,SD
25/03 10:24,"1,435.97",-2.34,10.13
Base,High,Low,CALL,,PUT,Low,High,Base
10610,5300,4740,4810,1390,200,130,250,77
7331,4440,3840,3890,1400,280,200,350,106
6620,3500,2980,3040,1410,400,230,490,153
5264,2720,2140,2190,1420,570,350,690,220
4406,2100,1410,1470,1430,840,670,980,297
3416,1680,850,870,1440,1240,1000,1380,420
2547,1200,430,450,1450,1830,1400,1970,581
1773,1000,190,210,1460,2580,1720,2700,799
1066,750,72,86,1470,3450,2300,3580,1124
539,195,22,40,1480,4420,3000,4520,1606
Time,Price,%,SD
25/03 10:26,"1,435.97",-2.34,10.13
Base,High,Low,CALL,,PUT,Low,High,Base
10610,5300,4740,4810,1390,200,130,250,77
7331,4440,3820,3890,1400,280,200,350,106
6620,3500,2980,3040,1410,400,230,490,153
5264,2720,2140,2190,1420,570,350,690,220
4406,2100,1390,1470,1430,840,670,980,297
3416,1680,820,870,1440,1240,1000,1380,420
2547,1200,430,450,1450,1830,1400,1970,581
1773,1000,190,210,1460,2580,1720,2700,799
1066,750,72,86,1470,3450,2300,3580,1124
539,195,22,40,1480,4420,3000,4520,1606
Time,Price,%,SD
25/03 10:32,"1,433.92",-2.48,10.13
Base,High,Low,CALL,,PUT,Low,High,Base
10610,5300,4580,4580,1390,230,130,250,77
7331,4440,3610,3610,1400,320,200,350,106
6620,3500,2790,2790,1410,450,230,490,153
5264,2720,1970,1980,1420,650,350,690,220
4406,2100,1260,1260,1430,950,670,980,297
3416,1680,720,720,1440,1410,1000,1430,420
2547,1200,370,370,1450,2050,1400,2050,581
1773,1000,175,175,1460,2860,1720,2860,799
1066,750,72,80,1470,3780,2300,3780,1124
539,195,22,40,1480,4680,3000,4680,1606
Time,Price,%,SD
25/03 10:34,"1,433.92",-2.48,10.13
Base,High,Low,CALL,,PUT,Low,High,Base
10610,5300,4580,4580,1390,230,130,250,77
7331,4440,3610,3610,1400,320,200,350,106
6620,3500,2790,2790,1410,450,230,490,153
5264,2720,1970,1980,1420,650,350,690,220
4406,2100,1260,1260,1430,950,670,980,297
3416,1680,720,720,1440,1410,1000,1430,420
2547,1200,370,370,1450,2050,1400,2050,581
1773,1000,175,175,1460,2860,1720,2860,799
1066,750,72,80,1470,3780,2300,3780,1124
539,195,22,40,1480,4680,3000,4680,1606
Time,Price,%,SD
25/03 10:37,"1,431.12",-2.67,10.13
Base,High,Low,CALL,,PUT,Low,High,Base
10610,5300,4330,4370,1390,240,130,250,77
7331,4440,3450,3480,1400,340,200,350,106
6620,3500,2600,2600,1410,470,230,500,153
5264,2720,1810,1860,1420,700,350,720,220
4406,2100,1140,1200,1430,1030,670,1060,297
3416,1680,650,700,1440,1520,1000,1560,420
2547,1200,330,380,1450,2200,1400,2240,581
1773,1000,160,190,1460,3000,1720,3120,799
1066,750,72,86,1470,3920,2300,4000,1124
539,195,22,42,1480,4900,3000,4900,1606
Time,Price,%,SD
25/03 10:39,"1,431.12",-2.67,10.13
Base,High,Low,CALL,,PUT,Low,High,Base
10610,5300,4330,4370,1390,240,130,250,77
7331,4440,3450,3480,1400,340,200,350,106
6620,3500,2600,2600,1410,470,230,500,153
5264,2720,1810,1860,1420,700,350,720,220
4406,2100,1140,1200,1430,1030,670,1060,297
3416,1680,650,700,1440,1520,1000,1560,420
2547,1200,330,380,1450,2200,1400,2240,581
1773,1000,160,190,1460,3000,1720,3120,799
1066,750,72,86,1470,3920,2300,4000,1124
539,195,22,42,1480,4900,3000,4900,1606
Time,Price,%,SD
25/03 10:41,"1,433.05",-2.54,10.13
Base,High,Low,CALL,,PUT,Low,High,Base
10610,5300,4330,4370,1390,240,130,250,77
7331,4440,3450,3480,1400,340,200,350,106
6620,3500,2600,2600,1410,470,230,500,153
5264,2720,1810,1860,1420,700,350,720,220
4406,2100,1140,1200,1430,1030,670,1060,297
3416,1680,650,700,1440,1520,1000,1560,420
2547,1200,330,380,1450,2200,1400,2240,581
1773,1000,160,190,1460,3000,1720,3120,799
1066,750,72,86,1470,3920,2300,4000,1124
539,195,22,42,1480,4900,3000,4900,1606
Time,Price,%,SD
25/03 10:42,"1,433.05",-2.54,10.13
Base,High,Low,CALL,,PUT,Low,High,Base
10610,5300,4330,4440,1390,195,130,250,77
7331,4440,3450,3580,1400,280,200,350,106
6620,3500,2600,2600,1410,410,230,500,153
5264,2720,1810,1890,1420,600,350,720,220
4406,2100,1140,1210,1430,920,670,1060,297
3416,1680,650,680,1440,1410,1000,1560,420
2547,1200,330,370,1450,2080,1400,2240,581
1773,1000,160,185,1460,2900,1720,3120,799
1066,750,72,88,1470,3810,2300,4000,1124
539,195,22,44,1480,4780,3000,4900,1606
Time,Price,%,SD
25/03 10:44,"1,433.77",-2.49,10.13
Base,High,Low,CALL,,PUT,Low,High,Base
10610,5300,4330,4440,1390,195,130,250,77
7331,4440,3450,3580,1400,280,200,350,106
6620,3500,2600,2600,1410,410,230,500,153
5264,2720,1810,1890,1420,600,350,720,220
4406,2100,1140,1210,1430,920,670,1060,297
3416,1680,650,680,1440,1410,1000,1560,420
2547,1200,330,370,1450,2080,1400,2240,581
1773,1000,160,185,1460,2900,1720,3120,799
1066,750,72,88,1470,3810,2300,4000,1124
539,195,22,44,1480,4780,3000,4900,1606
Time,Price,%,SD
25/03 10:47,"1,433.77",-2.49,10.13
Base,High,Low,CALL,,PUT,Low,High,Base
10610,5300,4330,4440,1390,195,130,250,77
7331,4440,3450,3580,1400,280,200,350,106
6620,3500,2600,2600,1410,410,230,500,153
5264,2720,1810,1890,1420,600,350,720,220
4406,2100,1140,1210,1430,920,670,1060,297
3416,1680,650,680,1440,1410,1000,1560,420
2547,1200,330,370,1450,2080,1400,2240,581
1773,1000,160,185,1460,2900,1720,3120,799
1066,750,72,88,1470,3810,2300,4000,1124
539,195,22,44,1480,4780,3000,4900,1606
Time,Price,%,SD
25/03 10:49,"1,433.77",-2.49,10.13
Base,High,Low,CALL,,PUT,Low,High,Base
10610,5300,4330,4540,1390,170,130,250,77
7331,4440,3450,3600,1400,240,200,350,106
6620,3500,2600,2720,1410,350,230,500,153
5264,2720,1810,1900,1420,520,350,720,220
4406,2100,1140,1200,1430,840,670,1060,297
3416,1680,650,690,1440,1330,1000,1560,420
2547,1200,330,370,1450,2000,1400,2240,581
1773,1000,160,185,1460,2810,1720,3120,799
1066,750,72,90,1470,3700,2300,4000,1124
539,195,22,44,1480,4620,3000,4900,1606
Time,Price,%,SD
25/03 10:51,"1,433.97",-2.48,10.13
Base,High,Low,CALL,,PUT,Low,High,Base
10610,5300,4330,4540,1390,170,130,250,77
7331,4440,3450,3600,1400,240,200,350,106
6620,3500,2600,2720,1410,350,230,500,153
5264,2720,1810,1900,1420,520,350,720,220
4406,2100,1140,1200,1430,840,670,1060,297
3416,1680,650,690,1440,1330,1000,1560,420
2547,1200,330,370,1450,2000,1400,2240,581
1773,1000,160,185,1460,2810,1720,3120,799
1066,750,72,90,1470,3700,2300,4000,1124
539,195,22,44,1480,4620,3000,4900,1606
Time,Price,%,SD
25/03 10:57,"1,433.30",-2.53,10.13
Base,High,Low,CALL,,PUT,Low,High,Base
10610,5300,4330,4530,1390,185,130,250,77
7331,4440,3450,3620,1400,250,200,350,106
6620,3500,2600,2720,1410,370,230,500,153
5264,2720,1790,1870,1420,550,350,720,220
4406,2100,1100,1170,1430,860,670,1060,297
3416,1680,610,660,1440,1340,1000,1560,420
2547,1200,320,350,1450,2030,1400,2240,581
1773,1000,160,175,1460,2840,1720,3120,799
1066,750,72,92,1470,3760,2300,4000,1124
539,195,22,42,1480,4700,3000,4900,1606
Time,Price,%,SD
25/03 11:01,"1,433.23",-2.53,10.13
Base,High,Low,CALL,,PUT,Low,High,Base
10610,5300,4330,4430,1390,175,130,250,77
7331,4440,3450,3620,1400,250,200,350,106
6620,3500,2600,2660,1410,370,230,500,153
5264,2720,1790,1810,1420,540,350,720,220
4406,2100,1100,1130,1430,860,670,1060,297
3416,1680,610,630,1440,1370,1000,1560,420
2547,1200,320,330,1450,2060,1400,2240,581
1773,1000,160,165,1460,2900,1720,3120,799
1066,750,72,86,1470,3820,2300,4000,1124
539,195,22,42,1480,4800,3000,4900,1606
Time,Price,%,SD
25/03 11:03,"1,433.23",-2.53,10.13
Base,High,Low,CALL,,PUT,Low,High,Base
10610,5300,4330,4440,1390,200,130,250,77
7331,4440,3450,3530,1400,280,200,350,106
6620,3500,2600,2640,1410,400,230,500,153
5264,2720,1790,1810,1420,590,350,720,220
4406,2100,1100,1130,1430,900,670,1060,297
3416,1680,610,640,1440,1420,1000,1560,420
2547,1200,320,340,1450,2120,1400,2240,581
1773,1000,160,180,1460,2930,1720,3120,799
1066,750,72,90,1470,3810,2300,4000,1124
539,195,22,42,1480,4830,3000,4900,1606
Time,Price,%,SD
25/03 11:05,"1,432.75",-2.56,10.13
Base,High,Low,CALL,,PUT,Low,High,Base
10610,5300,4330,4440,1390,200,130,250,77
7331,4440,3450,3530,1400,280,200,350,106
6620,3500,2600,2640,1410,400,230,500,153
5264,2720,1790,1810,1420,590,350,720,220
4406,2100,1100,1130,1430,900,670,1060,297
3416,1680,610,640,1440,1420,1000,1560,420
2547,1200,320,340,1450,2120,1400,2240,581
1773,1000,160,180,1460,2930,1720,3120,799
1066,750,72,90,1470,3810,2300,4000,1124
539,195,22,42,1480,4830,3000,4900,1606
Time,Price,%,SD
25/03 11:06,"1,432.75",-2.56,10.13
Base,High,Low,CALL,,PUT,Low,High,Base
10610,5300,4330,4440,1390,220,130,250,77
7331,4440,3450,3480,1400,300,200,350,106
6620,3500,2600,2600,1410,430,230,500,153
5264,2720,1790,1810,1420,630,350,720,220
4406,2100,1100,1130,1430,970,670,1060,297
3416,1680,610,660,1440,1470,1000,1560,420
2547,1200,320,350,1450,2180,1400,2240,581
1773,1000,160,185,1460,3000,1720,3120,799
1066,750,72,90,1470,3900,2300,4000,1124
539,195,22,44,1480,4900,3000,4900,1606
Time,Price,%,SD
25/03 11:10,"1,431.92",-2.62,10.13
Base,High,Low,CALL,,PUT,Low,High,Base
10610,5300,4330,4440,1390,220,130,250,77
7331,4440,3450,3480,1400,300,200,350,106
6620,3500,2600,2600,1410,430,230,500,153
5264,2720,1790,1810,1420,630,350,720,220
4406,2100,1100,1130,1430,970,670,1060,297
3416,1680,610,660,1440,1470,1000,1560,420
2547,1200,320,350,1450,2180,1400,2240,581
1773,1000,160,185,1460,3000,1720,3120,799
1066,750,72,90,1470,3900,2300,4000,1124
539,195,22,44,1480,4900,3000,4900,1606
Time,Price,%,SD
25/03 11:14,"1,429.89",-2.76,10.13
Base,High,Low,CALL,,PUT,Low,High,Base
9120,0,0,9120,1380,160,84,180,52
10610,5300,4120,4330,1390,230,130,250,77
7331,4440,3310,3450,1400,330,200,350,106
6620,3500,2420,2580,1410,470,230,500,153
5264,2720,1600,1740,1420,680,350,730,220
4406,2100,970,1100,1430,1020,670,1090,297
3416,1680,540,630,1440,1560,1000,1650,420
2547,1200,280,330,1450,2280,1400,2370,581
1773,1000,145,175,1460,3080,1720,3230,799
1066,750,72,82,1470,4010,2300,4150,1124
Time,Price,%,SD
25/03 11:21,"1,428.78",-2.83,10.13
Base,High,Low,CALL,,PUT,Low,High,Base
9120,0,0,9120,1380,130,84,180,52
10610,5300,4120,4120,1390,195,130,250,77
7331,4440,3310,3310,1400,290,200,350,106
6620,3500,2420,2420,1410,440,230,500,153
5264,2720,1600,1600,1420,680,350,730,220
4406,2100,970,970,1430,1040,670,1090,297
3416,1680,540,540,1440,1600,1000,1650,420
2547,1200,280,290,1450,2360,1400,2370,581
1773,1000,145,150,1460,3200,1720,3230,799
1066,750,72,72,1470,4140,2300,4150,1124
Time,Price,%,SD
25/03 11:23,"1,428.78",-2.83,10.13
Base,High,Low,CALL,,PUT,Low,High,Base
9120,0,0,9120,1380,135,84,180,52
10610,5300,3990,4010,1390,210,130,250,77
7331,4440,3100,3100,1400,310,200,350,106
6620,3500,2260,2260,1410,470,230,500,153
5264,2720,1500,1550,1420,710,350,730,220
4406,2100,920,940,1430,1120,670,1140,297
3416,1680,510,530,1440,1700,1000,1740,420
2547,1200,280,290,1450,2460,1400,2500,581
1773,1000,145,160,1460,3350,1720,3350,799
1066,750,72,80,1470,4290,2300,4290,1124
Time,Price,%,SD
25/03 11:24,"1,428.93",-2.82,10.13
Base,High,Low,CALL,,PUT,Low,High,Base
9120,0,0,9120,1380,135,84,180,52
10610,5300,3990,4010,1390,210,130,250,77
7331,4440,3100,3100,1400,310,200,350,106
6620,3500,2260,2260,1410,470,230,500,153
5264,2720,1500,1550,1420,710,350,730,220
4406,2100,920,940,1430,1120,670,1140,297
3416,1680,510,530,1440,1700,1000,1740,420
2547,1200,280,290,1450,2460,1400,2500,581
1773,1000,145,160,1460,3350,1720,3350,799
1066,750,72,80,1470,4290,2300,4290,1124
Time,Price,%,SD
25/03 11:27,"1,428.93",-2.82,10.13
Base,High,Low,CALL,,PUT,Low,High,Base
9120,0,0,9120,1380,135,84,180,52
10610,5300,3990,4010,1390,210,130,250,77
7331,4440,3100,3130,1400,330,200,350,106
6620,3500,2260,2280,1410,490,230,500,153
5264,2720,1500,1540,1420,740,350,740,220
4406,2100,920,950,1430,1150,670,1150,297
3416,1680,510,540,1440,1750,1000,1750,420
2547,1200,280,300,1450,2490,1400,2510,581
1773,1000,145,165,1460,3370,1720,3370,799
1066,750,72,82,1470,4260,2300,4290,1124
Time,Price,%,SD
25/03 11:29,"1,428.93",-2.82,10.13
Base,High,Low,CALL,,PUT,Low,High,Base
9120,0,0,9120,1380,135,84,180,52
10610,5300,3990,4010,1390,210,130,250,77
7331,4440,3100,3130,1400,330,200,350,106
6620,3500,2260,2280,1410,490,230,500,153
5264,2720,1500,1540,1420,740,350,740,220
4406,2100,920,950,1430,1150,670,1150,297
3416,1680,510,540,1440,1750,1000,1750,420
2547,1200,280,300,1450,2490,1400,2510,581
1773,1000,145,165,1460,3370,1720,3370,799
1066,750,72,82,1470,4260,2300,4290,1124
Time,Price,%,SD
25/03 11:31,"1,426.67",-2.98,10.13
Base,High,Low,CALL,,PUT,Low,High,Base
9120,0,0,9120,1380,135,84,180,52
10610,5300,3990,4010,1390,210,130,250,77
7331,4440,3100,3130,1400,330,200,350,106
6620,3500,2260,2280,1410,490,230,500,153
5264,2720,1500,1540,1420,740,350,740,220
4406,2100,920,950,1430,1150,670,1150,297
3416,1680,510,540,1440,1750,1000,1750,420
2547,1200,280,300,1450,2490,1400,2510,581
1773,1000,145,165,1460,3370,1720,3370,799
1066,750,72,82,1470,4260,2300,4290,1124
Time,Price,%,SD
25/03 11:33,"1,426.67",-2.98,10.13
Base,High,Low,CALL,,PUT,Low,High,Base
9120,0,0,9120,1380,175,84,190,52
10610,5300,3860,3930,1390,270,130,300,77
7331,4440,2910,3100,1400,400,200,440,106
6620,3500,2120,2310,1410,590,230,650,153
5264,2720,1430,1600,1420,870,350,950,220
4406,2100,870,1000,1430,1280,670,1420,297
3416,1680,510,580,1440,1880,1000,2040,420
2547,1200,280,330,1450,2590,1400,2800,581
1773,1000,145,170,1460,3440,1720,3630,799
1066,750,72,86,1470,4380,2300,4600,1124
Time,Price,%,SD
25/03 11:34,"1,429.37",-2.79,10.13
Base,High,Low,CALL,,PUT,Low,High,Base
9120,0,0,9120,1380,175,84,190,52
10610,5300,3860,3930,1390,270,130,300,77
7331,4440,2910,3100,1400,400,200,440,106
6620,3500,2120,2310,1410,590,230,650,153
5264,2720,1430,1600,1420,870,350,950,220
4406,2100,870,1000,1430,1280,670,1420,297
3416,1680,510,580,1440,1880,1000,2040,420
2547,1200,280,330,1450,2590,1400,2800,581
1773,1000,145,170,1460,3440,1720,3630,799
1066,750,72,86,1470,4380,2300,4600,1124
Time,Price,%,SD
25/03 11:36,"1,429.37",-2.79,10.13
Base,High,Low,CALL,,PUT,Low,High,Base
9120,0,0,9120,1380,150,84,190,52
10610,5300,3860,4110,1390,240,130,300,77
7331,4440,2910,3100,1400,360,200,440,106
6620,3500,2120,2430,1410,530,230,650,153
5264,2720,1430,1680,1420,790,350,950,220
4406,2100,870,1080,1430,1180,670,1420,297
3416,1680,510,640,1440,1740,1000,2040,420
2547,1200,280,350,1450,2450,1400,2800,581
1773,1000,145,185,1460,3290,1720,3630,799
1066,750,72,90,1470,4200,2300,4600,1124
Time,Price,%,SD
25/03 11:39,"1,429.37",-2.79,10.13
Base,High,Low,CALL,,PUT,Low,High,Base
9120,0,0,9120,1380,150,84,190,52
10610,5300,3860,4110,1390,240,130,300,77
7331,4440,2910,3100,1400,360,200,440,106
6620,3500,2120,2430,1410,530,230,650,153
5264,2720,1430,1680,1420,790,350,950,220
4406,2100,870,1080,1430,1180,670,1420,297
3416,1680,510,640,1440,1740,1000,2040,420
2547,1200,280,350,1450,2450,1400,2800,581
1773,1000,145,185,1460,3290,1720,3630,799
1066,750,72,90,1470,4200,2300,4600,1124
Time,Price,%,SD
25/03 11:41,"1,430.20",-2.74,10.13
Base,High,Low,CALL,,PUT,Low,High,Base
10610,5300,3860,4110,1390,240,130,300,77
7331,4440,2910,3100,1400,360,200,440,106
6620,3500,2120,2430,1410,530,230,650,153
5264,2720,1430,1680,1420,790,350,950,220
4406,2100,870,1080,1430,1180,670,1420,297
3416,1680,510,640,1440,1740,1000,2040,420
2547,1200,280,350,1450,2450,1400,2800,581
1773,1000,145,185,1460,3290,1720,3630,799
1066,750,72,90,1470,4200,2300,4600,1124
539,195,22,44,1480,5180,3000,5490,1606
Time,Price,%,SD
25/03 11:42,"1,430.20",-2.74,10.13
Base,High,Low,CALL,,PUT,Low,High,Base
10610,5300,3860,4140,1390,220,130,300,77
7331,4440,2910,3240,1400,340,200,440,106
6620,3500,2120,2420,1410,500,230,650,153
5264,2720,1430,1670,1420,770,350,950,220
4406,2100,870,1070,1430,1160,670,1420,297
3416,1680,510,630,1440,1710,1000,2040,420
2547,1200,280,350,1450,2440,1400,2800,581
1773,1000,145,185,1460,3270,1720,3630,799
1066,750,72,90,1470,4180,2300,4600,1124
539,195,22,46,1480,5110,3000,5490,1606
Time,Price,%,SD
25/03 11:47,"1,430.70",-2.70,10.13
Base,High,Low,CALL,,PUT,Low,High,Base
10610,5300,3860,4260,1390,220,130,300,77
7331,4440,2910,3270,1400,330,200,440,106
6620,3500,2120,2440,1410,500,230,650,153
5264,2720,1430,1700,1420,750,350,950,220
4406,2100,870,1090,1430,1140,670,1420,297
3416,1680,510,640,1440,1700,1000,2040,420
2547,1200,280,360,1450,2420,1400,2800,581
1773,1000,145,185,1460,3250,1720,3630,799
1066,750,72,96,1470,4020,2300,4600,1124
539,195,22,44,1480,5100,3000,5490,1606
Time,Price,%,SD
25/03 11:51,"1,428.35",-2.86,10.13
Base,High,Low,CALL,,PUT,Low,High,Base
9120,0,0,9120,1380,135,84,190,52
10610,5300,3860,4260,1390,220,130,300,77
7331,4440,2910,3270,1400,330,200,440,106
6620,3500,2120,2440,1410,500,230,650,153
5264,2720,1430,1700,1420,750,350,950,220
4406,2100,870,1090,1430,1140,670,1420,297
3416,1680,510,640,1440,1700,1000,2040,420
2547,1200,280,360,1450,2420,1400,2800,581
1773,1000,145,185,1460,3250,1720,3630,799
1066,750,72,96,1470,4020,2300,4600,1124
Time,Price,%,SD
25/03 11:52,"1,428.35",-2.86,10.13
Base,High,Low,CALL,,PUT,Low,High,Base
9120,0,0,9120,1380,155,84,190,52
10610,5300,3860,4100,1390,260,130,300,77
7331,4440,2910,3160,1400,390,200,440,106
6620,3500,2120,2390,1410,560,230,650,153
5264,2720,1430,1660,1420,860,350,950,220
4406,2100,870,1060,1430,1280,670,1420,297
3416,1680,510,620,1440,1850,1000,2040,420
2547,1200,280,350,1450,2550,1400,2800,581
1773,1000,145,180,1460,3400,1720,3630,799
1066,750,72,94,1470,4280,2300,4600,1124
Time,Price,%,SD
25/03 12:02,"1,429.83",-2.76,10.13
Base,High,Low,CALL,,PUT,Low,High,Base
9120,0,0,9120,1380,155,84,190,52
10610,5300,3860,4100,1390,250,130,300,77
7331,4440,2910,3190,1400,380,200,440,106
6620,3500,2120,2370,1410,560,230,650,153
5264,2720,1430,1650,1420,840,350,950,220
4406,2100,870,1060,1430,1240,670,1420,297
3416,1680,510,630,1440,1810,1000,2040,420
2547,1200,280,350,1450,2510,1400,2800,581
1773,1000,145,185,1460,3340,1720,3630,799
1066,750,72,86,1470,4270,2300,4600,1124
Time,Price,%,SD
25/03 12:04,"1,429.79",-2.76,10.13
Base,High,Low,CALL,,PUT,Low,High,Base
9120,0,0,9120,1380,155,84,190,52
10610,5300,3860,4100,1390,250,130,300,77
7331,4440,2910,3190,1400,380,200,440,106
6620,3500,2120,2370,1410,560,230,650,153
5264,2720,1430,1650,1420,840,350,950,220
4406,2100,870,1060,1430,1240,670,1420,297
3416,1680,510,630,1440,1810,1000,2040,420
2547,1200,280,350,1450,2510,1400,2800,581
1773,1000,145,185,1460,3340,1720,3630,799
1066,750,72,86,1470,4270,2300,4600,1124
Time,Price,%,SD
25/03 12:08,"1,429.79",-2.76,10.13
Base,High,Low,CALL,,PUT,Low,High,Base
9120,0,0,9120,1380,150,84,190,52
10610,5300,3860,4100,1390,240,130,300,77
7331,4440,2910,3230,1400,360,200,440,106
6620,3500,2120,2420,1410,530,230,650,153
5264,2720,1430,1680,1420,790,350,950,220
4406,2100,870,1070,1430,1190,670,1420,297
3416,1680,510,650,1440,1750,1000,2040,420
2547,1200,280,350,1450,2470,1400,2800,581
1773,1000,145,185,1460,3300,1720,3630,799
1066,750,72,92,1470,4200,2300,4600,1124
Time,Price,%,SD
25/03 12:24,"1,429.80",-2.76,10.13
Base,High,Low,CALL,,PUT,Low,High,Base
9120,0,0,9120,1380,145,84,190,52
10610,5300,3860,4150,1390,230,130,300,77
7331,4440,2910,3260,1400,330,200,440,106
6620,3500,2120,2420,1410,490,230,650,153
5264,2720,1430,1660,1420,740,350,950,220
4406,2100,870,1080,1430,1150,670,1420,297
3416,1680,510,650,1440,1690,1000,2040,420
2547,1200,280,350,1450,2440,1400,2800,581
1773,1000,145,180,1460,3280,1720,3630,799
1066,750,72,90,1470,4180,2300,4600,1124
Time,Price,%,SD
25/03 12:26,"1,430.40",-2.72,10.13
Base,High,Low,CALL,,PUT,Low,High,Base
10610,5300,3860,4220,1390,210,130,300,77
7331,4440,2910,3350,1400,330,200,440,106
6620,3500,2120,2470,1410,480,230,650,153
5264,2720,1430,1730,1420,720,350,950,220
4406,2100,870,1110,1430,1100,670,1420,297
3416,1680,510,650,1440,1650,1000,2040,420
2547,1200,280,360,1450,2350,1400,2800,581
1773,1000,145,190,1460,3190,1720,3630,799
1066,750,72,94,1470,4090,2300,4600,1124
539,195,22,44,1480,5000,3000,5490,1606
Time,Price,%,SD
25/03 12:29,"1,430.40",-2.72,10.13
Base,High,Low,CALL,,PUT,Low,High,Base
10610,5300,3860,4220,1390,210,130,300,77
7331,4440,2910,3350,1400,330,200,440,106
6620,3500,2120,2470,1410,480,230,650,153
5264,2720,1430,1730,1420,720,350,950,220
4406,2100,870,1110,1430,1100,670,1420,297
3416,1680,510,650,1440,1650,1000,2040,420
2547,1200,280,360,1450,2350,1400,2800,581
1773,1000,145,190,1460,3190,1720,3630,799
1066,750,72,94,1470,4090,2300,4600,1124
539,195,22,44,1480,5000,3000,5490,1606
Time,Price,%,SD
25/03 12:31,"1,431.30",-2.66,10.13
Base,High,Low,CALL,,PUT,Low,High,Base
10610,5300,3860,4220,1390,210,130,300,77
7331,4440,2910,3350,1400,330,200,440,106
6620,3500,2120,2470,1410,480,230,650,153
5264,2720,1430,1730,1420,720,350,950,220
4406,2100,870,1110,1430,1100,670,1420,297
3416,1680,510,650,1440,1650,1000,2040,420
2547,1200,280,360,1450,2350,1400,2800,581
1773,1000,145,190,1460,3190,1720,3630,799
1066,750,72,94,1470,4090,2300,4600,1124
539,195,22,44,1480,5000,3000,5490,1606
Time,Price,%,SD
25/03 12:35,"1,430.77",-2.70,10.13
Base,High,Low,CALL,,PUT,Low,High,Base
10610,5300,3860,4220,1390,210,130,300,77
7331,4440,2910,3390,1400,310,200,440,106
6620,3500,2120,2530,1410,460,230,650,153
5264,2720,1430,1770,1420,700,350,950,220
4406,2100,870,1130,1430,1070,670,1420,297
3416,1680,510,680,1440,1610,1000,2040,420
2547,1200,280,370,1450,2300,1400,2800,581
1773,1000,145,195,1460,3120,1720,3630,799
1066,750,72,96,1470,4020,2300,4600,1124
539,195,22,44,1480,4980,3000,5490,1606
Time,Price,%,SD
25/03 12:37,"1,430.77",-2.70,10.13
Base,High,Low,CALL,,PUT,Low,High,Base
10610,5300,3860,4160,1390,220,130,300,77
7331,4440,2910,3310,1400,320,200,440,106
6620,3500,2120,2460,1410,490,230,650,153
5264,2720,1430,1720,1420,710,350,950,220
4406,2100,870,1080,1430,1120,670,1420,297
3416,1680,510,650,1440,1640,1000,2040,420
2547,1200,280,340,1450,2400,1400,2800,581
1773,1000,145,180,1460,3190,1720,3630,799
1066,750,72,84,1470,4110,2300,4600,1124
539,195,22,40,1480,5050,3000,5490,1606
Time,Price,%,SD
25/03 12:39,"1,430.77",-2.70,10.13
Base,High,Low,CALL,,PUT,Low,High,Base
10610,5300,3860,4160,1390,220,130,300,77
7331,4440,2910,3310,1400,320,200,440,106
6620,3500,2120,2460,1410,490,230,650,153
5264,2720,1430,1720,1420,710,350,950,220
4406,2100,870,1080,1430,1120,670,1420,297
3416,1680,510,650,1440,1640,1000,2040,420
2547,1200,280,340,1450,2400,1400,2800,581
1773,1000,145,180,1460,3190,1720,3630,799
1066,750,72,84,1470,4110,2300,4600,1124
539,195,22,40,1480,5050,3000,5490,1606
Time,Price,%,SD
25/03 12:41,"1,430.17",-2.74,10.13
Base,High,Low,CALL,,PUT,Low,High,Base
10610,5300,3860,4160,1390,220,130,300,77
7331,4440,2910,3310,1400,320,200,440,106
6620,3500,2120,2460,1410,490,230,650,153
5264,2720,1430,1720,1420,710,350,950,220
4406,2100,870,1080,1430,1120,670,1420,297
3416,1680,510,650,1440,1640,1000,2040,420
2547,1200,280,340,1450,2400,1400,2800,581
1773,1000,145,180,1460,3190,1720,3630,799
1066,750,72,84,1470,4110,2300,4600,1124
539,195,22,40,1480,5050,3000,5490,1606
Time,Price,%,SD
25/03 12:47,"1,430.16",-2.74,10.13
Base,High,Low,CALL,,PUT,Low,High,Base
10610,5300,3860,4150,1390,230,130,300,77
7331,4440,2910,3290,1400,330,200,440,106
6620,3500,2120,2440,1410,500,230,650,153
5264,2720,1430,1670,1420,740,350,950,220
4406,2100,870,1060,1430,1130,670,1420,297
3416,1680,510,620,1440,1690,1000,2040,420
2547,1200,280,340,1450,2400,1400,2800,581
1773,1000,145,175,1460,3230,1720,3630,799
1066,750,72,84,1470,4160,2300,4600,1124
539,195,22,40,1480,5120,3000,5490,1606
Time,Price,%,SD
25/03 12:48,"1,430.16",-2.74,10.13
Base,High,Low,CALL,,PUT,Low,High,Base
10610,5300,3860,4150,1390,230,130,300,77
7331,4440,2910,3290,1400,330,200,440,106
6620,3500,2120,2440,1410,500,230,650,153
5264,2720,1430,1670,1420,740,350,950,220
4406,2100,870,1060,1430,1130,670,1420,297
3416,1680,510,620,1440,1690,1000,2040,420
2547,1200,280,340,1450,2400,1400,2800,581
1773,1000,145,175,1460,3230,1720,3630,799
1066,750,72,84,1470,4160,2300,4600,1124
539,195,22,40,1480,5120,3000,5490,1606
Time,Price,%,SD
25/03 12:51,"1,429.50",-2.78,10.13
Base,High,Low,CALL,,PUT,Low,High,Base
9120,0,0,9120,1380,150,84,190,52
10610,5300,3860,4150,1390,230,130,300,77
7331,4440,2910,3290,1400,330,200,440,106
6620,3500,2120,2440,1410,500,230,650,153
5264,2720,1430,1670,1420,740,350,950,220
4406,2100,870,1060,1430,1130,670,1420,297
3416,1680,510,620,1440,1690,1000,2040,420
2547,1200,280,340,1450,2400,1400,2800,581
1773,1000,145,175,1460,3230,1720,3630,799
1066,750,72,84,1470,4160,2300,4600,1124
Time,Price,%,SD
25/03 13:09,"1,429.54",-2.78,10.13
Base,High,Low,CALL,,PUT,Low,High,Base
9120,0,0,9120,1380,160,84,190,52
10610,5300,3860,4020,1390,240,130,300,77
7331,4440,2910,3210,1400,350,200,440,106
6620,3500,2120,2440,1410,520,230,650,153
5264,2720,1430,1660,1420,780,350,950,220
4406,2100,870,1050,1430,1190,670,1420,297
3416,1680,510,610,1440,1760,1000,2040,420
2547,1200,280,340,1450,2460,1400,2800,581
1773,1000,145,170,1460,3290,1720,3630,799
1066,750,72,86,1470,4230,2300,4600,1124
Time,Price,%,SD
25/03 13:11,"1,428.88",-2.83,10.13
Base,High,Low,CALL,,PUT,Low,High,Base
9120,0,0,9120,1380,160,84,190,52
10610,5300,3860,4020,1390,240,130,300,77
7331,4440,2910,3210,1400,350,200,440,106
6620,3500,2120,2440,1410,520,230,650,153
5264,2720,1430,1660,1420,780,350,950,220
4406,2100,870,1050,1430,1190,670,1420,297
3416,1680,510,610,1440,1760,1000,2040,420
2547,1200,280,340,1450,2460,1400,2800,581
1773,1000,145,170,1460,3290,1720,3630,799
1066,750,72,86,1470,4230,2300,4600,1124
Time,Price,%,SD
25/03 13:12,"1,428.88",-2.83,10.13
Base,High,Low,CALL,,PUT,Low,High,Base
9120,0,0,9120,1380,160,84,190,52
10610,5300,3860,4020,1390,240,130,300,77
7331,4440,2910,3210,1400,350,200,440,106
6620,3500,2120,2440,1410,520,230,650,153
5264,2720,1430,1660,1420,780,350,950,220
4406,2100,870,1050,1430,1190,670,1420,297
3416,1680,510,610,1440,1760,1000,2040,420
2547,1200,280,340,1450,2460,1400,2800,581
1773,1000,145,170,1460,3290,1720,3630,799
1066,750,72,86,1470,4230,2300,4600,1124
Time,Price,%,SD
25/03 13:25,"1,428.88",-2.83,10.13
Base,High,Low,CALL,,PUT,Low,High,Base
9120,0,0,9120,1380,155,84,190,52
10610,5300,3860,4070,1390,230,130,300,77
7331,4440,2910,3170,1400,340,200,440,106
6620,3500,2120,2350,1410,510,230,650,153
5264,2720,1430,1630,1420,770,350,950,220
4406,2100,870,1030,1430,1170,670,1420,297
3416,1680,510,610,1440,1750,1000,2040,420
2547,1200,280,330,1450,2490,1400,2800,581
1773,1000,145,170,1460,3320,1720,3630,799
1066,750,72,82,1470,4220,2300,4600,1124
Time,Price,%,SD
25/03 13:27,"1,428.50",-2.85,10.13
Base,High,Low,CALL,,PUT,Low,High,Base
9120,0,0,9120,1380,155,84,190,52
10610,5300,3860,4010,1390,230,130,300,77
7331,4440,2910,3180,1400,350,200,440,106
6620,3500,2120,2350,1410,520,230,650,153
5264,2720,1430,1600,1420,810,350,950,220
4406,2100,870,1000,1430,1220,670,1420,297
3416,1680,510,590,1440,1810,1000,2040,420
2547,1200,280,310,1450,2530,1400,2800,581
1773,1000,145,165,1460,3380,1720,3630,799
1066,750,72,82,1470,4300,2300,4600,1124
Time,Price,%,SD
25/03 13:28,"1,428.50",-2.85,10.13
Base,High,Low,CALL,,PUT,Low,High,Base
9120,0,0,9120,1380,155,84,190,52
10610,5300,3860,4010,1390,230,130,300,77
7331,4440,2910,3180,1400,350,200,440,106
6620,3500,2120,2350,1410,520,230,650,153
5264,2720,1430,1600,1420,810,350,950,220
4406,2100,870,1000,1430,1220,670,1420,297
3416,1680,510,590,1440,1810,1000,2040,420
2547,1200,280,310,1450,2530,1400,2800,581
1773,1000,145,165,1460,3380,1720,3630,799
1066,750,72,82,1470,4300,2300,4600,1124
Time,Price,%,SD
25/03 13:37,"1,428.82",-2.83,10.13
Base,High,Low,CALL,,PUT,Low,High,Base
9120,0,0,9120,1380,150,84,190,52
10610,5300,3860,4050,1390,220,130,300,77
7331,4440,2910,3150,1400,340,200,440,106
6620,3500,2120,2330,1410,510,230,650,153
5264,2720,1430,1610,1420,790,350,950,220
4406,2100,870,1010,1430,1190,670,1420,297
3416,1680,510,590,1440,1770,1000,2040,420
2547,1200,280,320,1450,2500,1400,2800,581
1773,1000,145,165,1460,3360,1720,3630,799
1066,750,72,86,1470,4260,2300,4600,1124
Time,Price,%,SD
25/03 13:38,"1,428.82",-2.83,10.13
Base,High,Low,CALL,,PUT,Low,High,Base
9120,0,0,9120,1380,150,84,190,52
10610,5300,3860,4050,1390,220,130,300,77
7331,4440,2910,3150,1400,340,200,440,106
6620,3500,2120,2330,1410,510,230,650,153
5264,2720,1430,1610,1420,790,350,950,220
4406,2100,870,1010,1430,1190,670,1420,297
3416,1680,510,590,1440,1770,1000,2040,420
2547,1200,280,320,1450,2500,1400,2800,581
1773,1000,145,165,1460,3360,1720,3630,799
1066,750,72,86,1470,4260,2300,4600,1124
Time,Price,%,SD
25/03 13:41,"1,427.81",-2.90,10.13
Base,High,Low,CALL,,PUT,Low,High,Base
9120,0,0,9120,1380,150,84,190,52
10610,5300,3860,4050,1390,220,130,300,77
7331,4440,2910,3150,1400,340,200,440,106
6620,3500,2120,2330,1410,510,230,650,153
5264,2720,1430,1610,1420,790,350,950,220
4406,2100,870,1010,1430,1190,670,1420,297
3416,1680,510,590,1440,1770,1000,2040,420
2547,1200,280,320,1450,2500,1400,2800,581
1773,1000,145,165,1460,3360,1720,3630,799
1066,750,72,86,1470,4260,2300,4600,1124
Time,Price,%,SD
25/03 13:42,"1,427.81",-2.90,10.13
Base,High,Low,CALL,,PUT,Low,High,Base
9120,0,0,9120,1380,155,84,190,52
10610,5300,3860,3960,1390,240,130,300,77
7331,4440,2910,3080,1400,350,200,440,106
6620,3500,2120,2330,1410,520,230,650,153
5264,2720,1430,1580,1420,810,350,950,220
4406,2100,870,990,1430,1220,670,1420,297
3416,1680,510,580,1440,1810,1000,2040,420
2547,1200,280,320,1450,2540,1400,2800,581
1773,1000,145,160,1460,3400,1720,3630,799
1066,750,72,82,1470,4300,2300,4600,1124
Time,Price,%,SD
25/03 13:46,"1,428.47",-2.85,10.13
Base,High,Low,CALL,,PUT,Low,High,Base
9120,0,0,9120,1380,155,84,190,52
10610,5300,3860,3960,1390,240,130,300,77
7331,4440,2910,3080,1400,350,200,440,106
6620,3500,2120,2330,1410,520,230,650,153
5264,2720,1430,1580,1420,810,350,950,220
4406,2100,870,990,1430,1220,670,1420,297
3416,1680,510,580,1440,1810,1000,2040,420
2547,1200,280,320,1450,2540,1400,2800,581
1773,1000,145,160,1460,3400,1720,3630,799
1066,750,72,82,1470,4300,2300,4600,1124
Time,Price,%,SD
25/03 13:49,"1,428.47",-2.85,10.13
Base,High,Low,CALL,,PUT,Low,High,Base
9120,0,0,9120,1380,155,84,190,52
10610,5300,3860,4000,1390,240,130,300,77
7331,4440,2910,3120,1400,360,200,440,106
6620,3500,2120,2300,1410,540,230,650,153
5264,2720,1430,1590,1420,820,350,950,220
4406,2100,870,990,1430,1230,670,1420,297
3416,1680,510,580,1440,1820,1000,2040,420
2547,1200,280,320,1450,2530,1400,2800,581
1773,1000,145,165,1460,3400,1720,3630,799
1066,750,72,80,1470,4280,2300,4600,1124
Time,Price,%,SD
25/03 13:51,"1,428.88",-2.83,10.13
Base,High,Low,CALL,,PUT,Low,High,Base
9120,0,0,9120,1380,155,84,190,52
10610,5300,3860,4000,1390,240,130,300,77
7331,4440,2910,3120,1400,360,200,440,106
6620,3500,2120,2300,1410,540,230,650,153
5264,2720,1430,1590,1420,820,350,950,220
4406,2100,870,990,1430,1230,670,1420,297
3416,1680,510,580,1440,1820,1000,2040,420
2547,1200,280,320,1450,2530,1400,2800,581
1773,1000,145,165,1460,3400,1720,3630,799
1066,750,72,80,1470,4280,2300,4600,1124
Time,Price,%,SD
25/03 13:52,"1,428.88",-2.83,10.13
Base,High,Low,CALL,,PUT,Low,High,Base
9120,0,0,9120,1380,155,84,190,52
10610,5300,3860,4000,1390,240,130,300,77
7331,4440,2910,3120,1400,360,200,440,106
6620,3500,2120,2300,1410,540,230,650,153
5264,2720,1430,1590,1420,820,350,950,220
4406,2100,870,990,1430,1230,670,1420,297
3416,1680,510,580,1440,1820,1000,2040,420
2547,1200,280,320,1450,2530,1400,2800,581
1773,1000,145,165,1460,3400,1720,3630,799
1066,750,72,80,1470,4280,2300,4600,1124
Time,Price,%,SD
25/03 13:54,"1,428.65",-2.84,10.13
Base,High,Low,CALL,,PUT,Low,High,Base
9120,0,0,9120,1380,150,84,190,52
10610,5300,3860,4000,1390,230,130,300,77
7331,4440,2910,3120,1400,350,200,440,106
6620,3500,2120,2330,1410,530,230,650,153
5264,2720,1430,1600,1420,790,350,950,220
4406,2100,870,1010,1430,1210,670,1420,297
3416,1680,510,600,1440,1800,1000,2040,420
2547,1200,280,330,1450,2530,1400,2800,581
1773,1000,145,170,1460,3380,1720,3630,799
1066,750,72,84,1470,4300,2300,4600,1124
Time,Price,%,SD
25/03 13:57,"1,428.65",-2.84,10.13
Base,High,Low,CALL,,PUT,Low,High,Base
9120,0,0,9120,1380,155,84,190,52
10610,5300,3860,4000,1390,240,130,300,77
7331,4440,2910,3130,1400,350,200,440,106
6620,3500,2120,2310,1410,530,230,650,153
5264,2720,1430,1590,1420,810,350,950,220
4406,2100,870,1000,1430,1230,670,1420,297
3416,1680,510,600,1440,1820,1000,2040,420
2547,1200,280,330,1450,2550,1400,2800,581
1773,1000,145,180,1460,3400,1720,3630,799
1066,750,72,84,1470,4300,2300,4600,1124
Time,Price,%,SD
25/03 14:01,"1,428.12",-2.88,10.13
Base,High,Low,CALL,,PUT,Low,High,Base
9120,0,0,9120,1380,155,84,190,52
10610,5300,3860,4000,1390,240,130,300,77
7331,4440,2910,3130,1400,350,200,440,106
6620,3500,2120,2310,1410,530,230,650,153
5264,2720,1430,1590,1420,810,350,950,220
4406,2100,870,1000,1430,1230,670,1420,297
3416,1680,510,600,1440,1820,1000,2040,420
2547,1200,280,330,1450,2550,1400,2800,581
1773,1000,145,180,1460,3400,1720,3630,799
1066,750,72,84,1470,4300,2300,4600,1124
Time,Price,%,SD
25/03 14:03,"1,428.12",-2.88,10.13
Base,High,Low,CALL,,PUT,Low,High,Base
9120,0,0,9120,1380,155,84,190,52
10610,5300,3860,4000,1390,240,130,300,77
7331,4440,2910,3130,1400,350,200,440,106
6620,3500,2120,2310,1410,530,230,650,153
5264,2720,1430,1590,1420,810,350,950,220
4406,2100,870,1000,1430,1230,670,1420,297
3416,1680,510,600,1440,1820,1000,2040,420
2547,1200,280,330,1450,2550,1400,2800,581
1773,1000,145,180,1460,3400,1720,3630,799
1066,750,72,84,1470,4300,2300,4600,1124
Time,Price,%,SD
25/03 14:08,"1,428.09",-2.88,10.13
Base,High,Low,CALL,,PUT,Low,High,Base
9120,0,0,9120,1380,165,84,190,52
10610,5300,3860,3980,1390,250,130,300,77
7331,4440,2910,3120,1400,370,200,440,106
6620,3500,2120,2280,1410,560,230,650,153
5264,2720,1430,1560,1420,840,350,950,220
4406,2100,870,990,1430,1260,670,1420,297
3416,1680,510,590,1440,1860,1000,2040,420
2547,1200,280,320,1450,2600,1400,2800,581
1773,1000,145,175,1460,3420,1720,3630,799
1066,750,72,84,1470,4370,2300,4600,1124
Time,Price,%,SD
25/03 14:13,"1,425.62",-3.05,10.13
Base,High,Low,CALL,,PUT,Low,High,Base
9120,0,0,9120,1380,165,84,190,52
10610,5300,3730,3980,1390,250,130,300,77
7331,4440,2910,3120,1400,370,200,440,106
6620,3500,2090,2280,1410,560,230,650,153
5264,2720,1400,1560,1420,840,350,960,220
4406,2100,870,990,1430,1260,670,1460,297
3416,1680,510,590,1440,1860,1000,2060,420
2547,1200,280,320,1450,2600,1400,2840,581
1773,1000,145,175,1460,3420,1720,3720,799
1066,750,72,84,1470,4370,2300,4620,1124
Time,Price,%,SD
25/03 14:15,"1,425.62",-3.05,10.13
Base,High,Low,CALL,,PUT,Low,High,Base
9120,0,0,9120,1380,190,84,190,52
10610,5300,3730,3750,1390,280,130,300,77
7331,4440,2910,2960,1400,420,200,440,106
6620,3500,2090,2090,1410,620,230,650,153
5264,2720,1400,1420,1420,930,350,960,220
4406,2100,870,880,1430,1420,670,1460,297
3416,1680,510,520,1440,2020,1000,2060,420
2547,1200,280,290,1450,2810,1400,2840,581
1773,1000,145,155,1460,3720,1720,3720,799
1066,750,72,78,1470,4580,2300,4620,1124
Time,Price,%,SD
25/03 14:17,"1,424.61",-3.12,10.13
Base,High,Low,CALL,,PUT,Low,High,Base
9120,0,0,9120,1380,220,84,190,52
10610,5300,3730,3750,1390,310,130,300,77
7331,4440,2910,2870,1400,460,200,440,106
6620,3500,2090,2120,1410,680,230,650,153
5264,2720,1400,1440,1420,1000,350,960,220
4406,2100,870,910,1430,1480,670,1460,297
3416,1680,510,540,1440,2110,1000,2060,420
2547,1200,280,300,1450,2870,1400,2840,581
1773,1000,145,165,1460,3720,1720,3720,799
1066,750,72,82,1470,4630,2300,4620,1124
Time,Price,%,SD
25/03 14:18,"1,424.61",-3.12,10.13
Base,High,Low,CALL,,PUT,Low,High,Base
9120,0,0,9120,1380,220,84,190,52
10610,5300,3730,3750,1390,310,130,300,77
7331,4440,2910,2870,1400,460,200,440,106
6620,3500,2090,2120,1410,680,230,650,153
5264,2720,1400,1440,1420,1000,350,960,220
4406,2100,870,910,1430,1480,670,1460,297
3416,1680,510,540,1440,2110,1000,2060,420
2547,1200,280,300,1450,2870,1400,2840,581
1773,1000,145,165,1460,3720,1720,3720,799
1066,750,72,82,1470,4630,2300,4620,1124
Time,Price,%,SD
25/03 14:21,"1,424.15",-3.15,10.13
Base,High,Low,CALL,,PUT,Low,High,Base
9120,0,0,9120,1380,220,84,220,52
10610,5300,3730,3750,1390,310,130,330,77
7331,4440,2850,2870,1400,460,200,460,106
6620,3500,2090,2120,1410,680,230,680,153
5264,2720,1400,1440,1420,1000,350,1000,220
4406,2100,870,910,1430,1480,670,1490,297
3416,1680,510,540,1440,2110,1000,2110,420
2547,1200,280,300,1450,2870,1400,2870,581
1773,1000,145,165,1460,3720,1720,3740,799
1066,750,72,82,1470,4630,2300,4650,1124
Time,Price,%,SD
25/03 14:22,"1,424.15",-3.15,10.13
Base,High,Low,CALL,,PUT,Low,High,Base
9120,0,0,9120,1380,220,84,230,52
10610,5300,3700,3700,1390,320,130,330,77
7331,4440,2800,2830,1400,470,200,490,106
6620,3500,2040,2040,1410,700,230,720,153
5264,2720,1390,1390,1420,1030,350,1050,220
4406,2100,870,880,1430,1520,670,1550,297
3416,1680,510,520,1440,2160,1000,2200,420
2547,1200,280,300,1450,2920,1400,2950,581
1773,1000,145,160,1460,3780,1720,3820,799
1066,750,72,80,1470,4720,2300,4740,1124
Time,Price,%,SD
25/03 14:24,"1,425.84",-3.03,10.13
Base,High,Low,CALL,,PUT,Low,High,Base
9120,0,0,9120,1380,220,84,230,52
10610,5300,3700,3700,1390,320,130,330,77
7331,4440,2800,2830,1400,470,200,490,106
6620,3500,2040,2040,1410,700,230,720,153
5264,2720,1390,1390,1420,1030,350,1050,220
4406,2100,870,880,1430,1520,670,1550,297
3416,1680,510,520,1440,2160,1000,2200,420
2547,1200,280,300,1450,2920,1400,2950,581
1773,1000,145,160,1460,3780,1720,3820,799
1066,750,72,80,1470,4720,2300,4740,1124
Time,Price,%,SD
25/03 14:27,"1,425.84",-3.03,10.13
Base,High,Low,CALL,,PUT,Low,High,Base
9120,0,0,9120,1380,160,84,230,52
10610,5300,3700,3830,1390,240,130,330,77
7331,4440,2800,2950,1400,370,200,490,106
6620,3500,2040,2160,1410,580,230,720,153
5264,2720,1390,1470,1420,870,350,1050,220
4406,2100,870,940,1430,1330,670,1550,297
3416,1680,510,550,1440,1960,1000,2200,420
2547,1200,280,310,1450,2700,1400,2950,581
1773,1000,145,160,1460,3570,1720,3820,799
1066,750,72,82,1470,4490,2300,4740,1124
Time,Price,%,SD
25/03 14:28,"1,425.84",-3.03,10.13
Base,High,Low,CALL,,PUT,Low,High,Base
9120,0,0,9120,1380,160,84,230,52
10610,5300,3700,3830,1390,240,130,330,77
7331,4440,2800,2950,1400,370,200,490,106
6620,3500,2040,2160,1410,580,230,720,153
5264,2720,1390,1470,1420,870,350,1050,220
4406,2100,870,940,1430,1330,670,1550,297
3416,1680,510,550,1440,1960,1000,2200,420
2547,1200,280,310,1450,2700,1400,2950,581
1773,1000,145,160,1460,3570,1720,3820,799
1066,750,72,82,1470,4490,2300,4740,1124
Time,Price,%,SD
25/03 14:33,"1,426.83",-2.97,10.13
Base,High,Low,CALL,,PUT,Low,High,Base
9120,0,0,9120,1380,170,84,230,52
10610,5300,3700,3830,1390,250,130,330,77
7331,4440,2800,3010,1400,370,200,490,106
6620,3500,2040,2200,1410,580,230,720,153
5264,2720,1390,1510,1420,880,350,1050,220
4406,2100,870,960,1430,1340,670,1550,297
3416,1680,510,570,1440,1940,1000,2200,420
2547,1200,280,310,1450,2680,1400,2950,581
1773,1000,145,170,1460,3520,1720,3820,799
1066,750,72,82,1470,4460,2300,4740,1124
Time,Price,%,SD
25/03 14:34,"1,427.48",-2.92,10.13
Base,High,Low,CALL,,PUT,Low,High,Base
9120,0,0,9120,1380,170,84,230,52
10610,5300,3700,3830,1390,250,130,330,77
7331,4440,2800,3010,1400,370,200,490,106
6620,3500,2040,2200,1410,580,230,720,153
5264,2720,1390,1510,1420,880,350,1050,220
4406,2100,870,960,1430,1340,670,1550,297
3416,1680,510,570,1440,1940,1000,2200,420
2547,1200,280,310,1450,2680,1400,2950,581
1773,1000,145,170,1460,3520,1720,3820,799
1066,750,72,82,1470,4460,2300,4740,1124
Time,Price,%,SD
25/03 14:37,"1,427.48",-2.92,10.13
Base,High,Low,CALL,,PUT,Low,High,Base
9120,0,0,9120,1380,175,84,230,52
10610,5300,3700,3950,1390,260,130,330,77
7331,4440,2800,3070,1400,380,200,490,106
6620,3500,2040,2260,1410,580,230,720,153
5264,2720,1390,1550,1420,860,350,1050,220
4406,2100,870,990,1430,1290,670,1550,297
3416,1680,510,590,1440,1900,1000,2200,420
2547,1200,280,330,1450,2640,1400,2950,581
1773,1000,145,170,1460,3480,1720,3820,799
1066,750,72,86,1470,4400,2300,4740,1124
Time,Price,%,SD
25/03 14:38,"1,427.48",-2.92,10.13
Base,High,Low,CALL,,PUT,Low,High,Base
9120,0,0,9120,1380,175,84,230,52
10610,5300,3700,3950,1390,260,130,330,77
7331,4440,2800,3070,1400,380,200,490,106
6620,3500,2040,2260,1410,580,230,720,153
5264,2720,1390,1550,1420,860,350,1050,220
4406,2100,870,990,1430,1290,670,1550,297
3416,1680,510,590,1440,1900,1000,2200,420
2547,1200,280,330,1450,2640,1400,2950,581
1773,1000,145,170,1460,3480,1720,3820,799
1066,750,72,86,1470,4400,2300,4740,1124
Time,Price,%,SD
25/03 14:41,"1,427.90",-2.89,10.13
Base,High,Low,CALL,,PUT,Low,High,Base
9120,0,0,9120,1380,175,84,230,52
10610,5300,3700,3950,1390,260,130,330,77
7331,4440,2800,3070,1400,380,200,490,106
6620,3500,2040,2260,1410,580,230,720,153
5264,2720,1390,1550,1420,860,350,1050,220
4406,2100,870,990,1430,1290,670,1550,297
3416,1680,510,590,1440,1900,1000,2200,420
2547,1200,280,330,1450,2640,1400,2950,581
1773,1000,145,170,1460,3480,1720,3820,799
1066,750,72,86,1470,4400,2300,4740,1124
Time,Price,%,SD
25/03 14:43,"1,427.90",-2.89,10.13
Base,High,Low,CALL,,PUT,Low,High,Base
9120,0,0,9120,1380,175,84,230,52
10610,5300,3700,3950,1390,260,130,330,77
7331,4440,2800,3070,1400,380,200,490,106
6620,3500,2040,2260,1410,580,230,720,153
5264,2720,1390,1550,1420,860,350,1050,220
4406,2100,870,990,1430,1290,670,1550,297
3416,1680,510,590,1440,1900,1000,2200,420
2547,1200,280,330,1450,2640,1400,2950,581
1773,1000,145,170,1460,3480,1720,3820,799
1066,750,72,86,1470,4400,2300,4740,1124
Time,Price,%,SD
25/03 14:45,"1,427.99",-2.89,10.13
Base,High,Low,CALL,,PUT,Low,High,Base
9120,0,0,9120,1380,180,84,230,52
10610,5300,3700,3990,1390,260,130,330,77
7331,4440,2800,3130,1400,390,200,490,106
6620,3500,2040,2290,1410,580,230,720,153
5264,2720,1390,1590,1420,850,350,1050,220
4406,2100,870,1020,1430,1270,670,1550,297
3416,1680,510,610,1440,1870,1000,2200,420
2547,1200,280,340,1450,2610,1400,2950,581
1773,1000,145,175,1460,3420,1720,3820,799
1066,750,72,86,1470,4320,2300,4740,1124
Time,Price,%,SD
25/03 14:47,"1,427.99",-2.89,10.13
Base,High,Low,CALL,,PUT,Low,High,Base
9120,0,0,9120,1380,180,84,230,52
10610,5300,3700,4050,1390,250,130,330,77
7331,4440,2800,3170,1400,370,200,490,106
6620,3500,2040,2350,1410,550,230,720,153
5264,2720,1390,1620,1420,820,350,1050,220
4406,2100,870,1020,1430,1230,670,1550,297
3416,1680,510,600,1440,1820,1000,2200,420
2547,1200,280,330,1450,2530,1400,2950,581
1773,1000,145,170,1460,3370,1720,3820,799
1066,750,72,86,1470,4290,2300,4740,1124
Time,Price,%,SD
25/03 14:49,"1,427.99",-2.89,10.13
Base,High,Low,CALL,,PUT,Low,High,Base
9120,0,0,9120,1380,180,84,230,52
10610,5300,3700,4050,1390,250,130,330,77
7331,4440,2800,3170,1400,370,200,490,106
6620,3500,2040,2350,1410,550,230,720,153
5264,2720,1390,1620,1420,820,350,1050,220
4406,2100,870,1020,1430,1230,670,1550,297
3416,1680,510,600,1440,1820,1000,2200,420
2547,1200,280,330,1450,2530,1400,2950,581
1773,1000,145,170,1460,3370,1720,3820,799
1066,750,72,86,1470,4290,2300,4740,1124
Time,Price,%,SD
25/03 14:51,"1,428.53",-2.85,10.13
Base,High,Low,CALL,,PUT,Low,High,Base
9120,0,0,9120,1380,180,84,230,52
10610,5300,3700,4050,1390,250,130,330,77
7331,4440,2800,3170,1400,370,200,490,106
6620,3500,2040,2350,1410,550,230,720,153
5264,2720,1390,1620,1420,820,350,1050,220
4406,2100,870,1020,1430,1230,670,1550,297
3416,1680,510,600,1440,1820,1000,2200,420
2547,1200,280,330,1450,2530,1400,2950,581
1773,1000,145,170,1460,3370,1720,3820,799
1066,750,72,86,1470,4290,2300,4740,1124
Time,Price,%,SD
25/03 14:52,"1,428.53",-2.85,10.13
Base,High,Low,CALL,,PUT,Low,High,Base
9120,5000,4920,9120,1380,180,84,230,52
10610,5300,3700,4050,1390,250,130,330,77
7331,4440,2800,3170,1400,370,200,490,106
6620,3500,2040,2350,1410,550,230,720,153
5264,2720,1390,1620,1420,820,350,1050,220
4406,2100,870,1020,1430,1230,670,1550,297
3416,1680,510,600,1440,1820,1000,2200,420
2547,1200,280,330,1450,2530,1400,2950,581
1773,1000,145,170,1460,3370,1720,3820,799
1066,750,72,86,1470,4290,2300,4740,1124
Time,Price,%,SD
25/03 14:57,"1,429.28",-2.80,10.13
Base,High,Low,CALL,,PUT,Low,High,Base
9120,5000,4920,5000,1380,185,84,230,52
10610,5300,3700,4080,1390,280,130,330,77
7331,4440,2800,3200,1400,390,200,490,106
6620,3500,2040,2400,1410,590,230,720,153
5264,2720,1390,1660,1420,840,350,1050,220
4406,2100,870,1060,1430,1240,670,1550,297
3416,1680,510,620,1440,1800,1000,2200,420
2547,1200,280,350,1450,2520,1400,2950,581
1773,1000,145,175,1460,3360,1720,3820,799
1066,750,72,80,1470,4260,2300,4740,1124
Time,Price,%,SD
25/03 15:00,"1,428.83",-2.83,10.13
Base,High,Low,CALL,,PUT,Low,High,Base
9120,5080,4920,5020,1380,185,84,230,52
10610,5300,3700,4150,1390,270,130,330,77
7331,4440,2800,3240,1400,390,200,490,106
6620,3500,2040,2420,1410,570,230,720,153
5264,2720,1390,1670,1420,810,350,1050,220
4406,2100,870,1070,1430,1210,670,1550,297
3416,1680,510,630,1440,1770,1000,2200,420
2547,1200,280,340,1450,2480,1400,2950,581
1773,1000,145,175,1460,3320,1720,3820,799
1066,750,72,86,1470,4240,2300,4740,1124
Time,Price,%,SD
25/03 15:03,"1,428.83",-2.83,10.13
Base,High,Low,CALL,,PUT,Low,High,Base
9120,5080,4920,5020,1380,185,84,230,52
10610,5300,3700,4150,1390,270,130,330,77
7331,4440,2800,3240,1400,390,200,490,106
6620,3500,2040,2420,1410,570,230,720,153
5264,2720,1390,1670,1420,810,350,1050,220
4406,2100,870,1070,1430,1210,670,1550,297
3416,1680,510,630,1440,1770,1000,2200,420
2547,1200,280,340,1450,2480,1400,2950,581
1773,1000,145,175,1460,3320,1720,3820,799
1066,750,72,86,1470,4240,2300,4740,1124
Time,Price,%,SD
25/03 15:05,"1,429.89",-2.76,10.13
Base,High,Low,CALL,,PUT,Low,High,Base
9120,5080,4920,5000,1380,190,84,230,52
10610,5300,3700,4150,1390,270,130,330,77
7331,4440,2800,3210,1400,400,200,490,106
6620,3500,2040,2400,1410,580,230,720,153
5264,2720,1390,1650,1420,840,350,1050,220
4406,2100,870,1040,1430,1250,670,1550,297
3416,1680,510,620,1440,1800,1000,2200,420
2547,1200,280,330,1450,2510,1400,2950,581
1773,1000,145,170,1460,3330,1720,3820,799
1066,750,72,84,1470,4300,2300,4740,1124
Time,Price,%,SD
25/03 15:06,"1,429.89",-2.76,10.13
Base,High,Low,CALL,,PUT,Low,High,Base
9120,5080,4920,5000,1380,190,84,230,52
10610,5300,3700,4150,1390,280,130,330,77
7331,4440,2800,3230,1400,390,200,490,106
6620,3500,2040,2390,1410,580,230,720,153
5264,2720,1390,1690,1420,840,350,1050,220
4406,2100,870,1070,1430,1200,670,1550,297
3416,1680,510,630,1440,1750,1000,2200,420
2547,1200,280,330,1450,2470,1400,2950,581
1773,1000,145,170,1460,3320,1720,3820,799
1066,750,72,82,1470,4220,2300,4740,1124
Time,Price,%,SD
25/03 15:09,"1,429.89",-2.76,10.13
Base,High,Low,CALL,,PUT,Low,High,Base
9120,5080,4920,5000,1380,190,84,230,52
10610,5300,3700,4150,1390,280,130,330,77
7331,4440,2800,3230,1400,390,200,490,106
6620,3500,2040,2390,1410,580,230,720,153
5264,2720,1390,1690,1420,840,350,1050,220
4406,2100,870,1070,1430,1200,670,1550,297
3416,1680,510,630,1440,1750,1000,2200,420
2547,1200,280,330,1450,2470,1400,2950,581
1773,1000,145,170,1460,3320,1720,3820,799
1066,750,72,82,1470,4220,2300,4740,1124
Time,Price,%,SD
25/03 15:11,"1,430.18",-2.74,10.13
Base,High,Low,CALL,,PUT,Low,High,Base
10610,5300,3700,4150,1390,280,130,330,77
7331,4440,2800,3230,1400,390,200,490,106
6620,3500,2040,2390,1410,580,230,720,153
5264,2720,1390,1690,1420,840,350,1050,220
4406,2100,870,1070,1430,1200,670,1550,297
3416,1680,510,630,1440,1750,1000,2200,420
2547,1200,280,330,1450,2470,1400,2950,581
1773,1000,145,170,1460,3320,1720,3820,799
1066,750,72,82,1470,4220,2300,4740,1124
539,195,22,38,1480,5230,3000,5690,1606
Time,Price,%,SD
25/03 15:12,"1,430.18",-2.74,10.13
Base,High,Low,CALL,,PUT,Low,High,Base
10610,5300,3700,4150,1390,280,130,330,77
7331,4440,2800,3230,1400,390,200,490,106
6620,3500,2040,2390,1410,580,230,720,153
5264,2720,1390,1690,1420,840,350,1050,220
4406,2100,870,1070,1430,1200,670,1550,297
3416,1680,510,630,1440,1750,1000,2200,420
2547,1200,280,330,1450,2470,1400,2950,581
1773,1000,145,170,1460,3320,1720,3820,799
1066,750,72,82,1470,4220,2300,4740,1124
539,195,22,38,1480,5230,3000,5690,1606
Time,Price,%,SD
25/03 15:14,"1,430.28",-2.73,10.13
Base,High,Low,CALL,,PUT,Low,High,Base
10610,5300,3700,4200,1390,240,130,330,77
7331,4440,2800,3340,1400,360,200,490,106
6620,3500,2040,2500,1410,510,230,720,153
5264,2720,1390,1740,1420,750,350,1050,220
4406,2100,870,1110,1430,1120,670,1550,297
3416,1680,510,640,1440,1670,1000,2200,420
2547,1200,280,340,1450,2370,1400,2950,581
1773,1000,145,170,1460,3200,1720,3820,799
1066,750,72,82,1470,4110,2300,4740,1124
539,195,22,38,1480,5050,3000,5690,1606
Time,Price,%,SD
25/03 15:16,"1,430.28",-2.73,10.13
Base,High,Low,CALL,,PUT,Low,High,Base
10610,5300,3700,4270,1390,240,130,330,77
7331,4440,2800,3370,1400,340,200,490,106
6620,3500,2040,2530,1410,500,230,720,153
5264,2720,1390,1780,1420,730,350,1050,220
4406,2100,870,1130,1430,1070,670,1550,297
3416,1680,510,660,1440,1630,1000,2200,420
2547,1200,280,350,1450,2290,1400,2950,581
1773,1000,145,180,1460,3140,1720,3820,799
1066,750,72,84,1470,4070,2300,4740,1124
539,195,22,44,1480,5020,3000,5690,1606
Time,Price,%,SD
25/03 15:18,"1,430.28",-2.73,10.13
Base,High,Low,CALL,,PUT,Low,High,Base
10610,5300,3700,4270,1390,240,130,330,77
7331,4440,2800,3370,1400,340,200,490,106
6620,3500,2040,2530,1410,500,230,720,153
5264,2720,1390,1780,1420,730,350,1050,220
4406,2100,870,1130,1430,1070,670,1550,297
3416,1680,510,660,1440,1630,1000,2200,420
2547,1200,280,350,1450,2290,1400,2950,581
1773,1000,145,180,1460,3140,1720,3820,799
1066,750,72,84,1470,4070,2300,4740,1124
539,195,22,44,1480,5020,3000,5690,1606
Time,Price,%,SD
25/03 15:21,"1,431.36",-2.66,10.13
Base,High,Low,CALL,,PUT,Low,High,Base
10610,5300,3700,4270,1390,240,130,330,77
7331,4440,2800,3370,1400,340,200,490,106
6620,3500,2040,2530,1410,500,230,720,153
5264,2720,1390,1780,1420,730,350,1050,220
4406,2100,870,1130,1430,1070,670,1550,297
3416,1680,510,660,1440,1630,1000,2200,420
2547,1200,280,350,1450,2290,1400,2950,581
1773,1000,145,180,1460,3140,1720,3820,799
1066,750,72,84,1470,4070,2300,4740,1124
539,195,22,44,1480,5020,3000,5690,1606
Time,Price,%,SD
25/03 15:23,"1,431.36",-2.66,10.13
Base,High,Low,CALL,,PUT,Low,High,Base
10610,5300,3700,4270,1390,240,130,330,77
7331,4440,2800,3370,1400,340,200,490,106
6620,3500,2040,2530,1410,500,230,720,153
5264,2720,1390,1780,1420,730,350,1050,220
4406,2100,870,1130,1430,1070,670,1550,297
3416,1680,510,660,1440,1630,1000,2200,420
2547,1200,280,350,1450,2290,1400,2950,581
1773,1000,145,180,1460,3140,1720,3820,799
1066,750,72,84,1470,4070,2300,4740,1124
539,195,22,44,1480,5020,3000,5690,1606
Time,Price,%,SD
25/03 15:24,"1,431.30",-2.66,10.13
Base,High,Low,CALL,,PUT,Low,High,Base
10610,5300,3700,4270,1390,230,130,330,77
7331,4440,2800,3370,1400,320,200,490,106
6620,3500,2040,2610,1410,470,230,720,153
5264,2720,1390,1830,1420,670,350,1050,220
4406,2100,870,1170,1430,1010,670,1550,297
3416,1680,510,680,1440,1530,1000,2200,420
2547,1200,280,360,1450,2240,1400,2950,581
1773,1000,145,185,1460,3040,1720,3820,799
1066,750,72,90,1470,3950,2300,4740,1124
539,195,22,44,1480,4920,3000,5690,1606
Time,Price,%,SD
25/03 15:27,"1,431.30",-2.66,10.13
Base,High,Low,CALL,,PUT,Low,High,Base
10610,5300,3700,4420,1390,220,130,330,77
7331,4440,2800,3490,1400,310,200,490,106
6620,3500,2040,2630,1410,450,230,720,153
5264,2720,1390,1830,1420,660,350,1050,220
4406,2100,870,1170,1430,1000,670,1550,297
3416,1680,510,700,1440,1520,1000,2200,420
2547,1200,280,360,1450,2200,1400,2950,581
1773,1000,145,180,1460,2980,1720,3820,799
1066,750,72,84,1470,3900,2300,4740,1124
539,195,22,40,1480,4900,3000,5690,1606
Time,Price,%,SD
25/03 15:29,"1,431.30",-2.66,10.13
Base,High,Low,CALL,,PUT,Low,High,Base
10610,5300,3700,4420,1390,220,130,330,77
7331,4440,2800,3490,1400,310,200,490,106
6620,3500,2040,2630,1410,450,230,720,153
5264,2720,1390,1830,1420,660,350,1050,220
4406,2100,870,1170,1430,1000,670,1550,297
3416,1680,510,700,1440,1520,1000,2200,420
2547,1200,280,360,1450,2200,1400,2950,581
1773,1000,145,180,1460,2980,1720,3820,799
1066,750,72,84,1470,3900,2300,4740,1124
539,195,22,40,1480,4900,3000,5690,1606
Time,Price,%,SD
25/03 15:31,"1,431.11",-2.67,10.13
Base,High,Low,CALL,,PUT,Low,High,Base
10610,5300,3700,4420,1390,220,130,330,77
7331,4440,2800,3490,1400,310,200,490,106
6620,3500,2040,2630,1410,450,230,720,153
5264,2720,1390,1830,1420,660,350,1050,220
4406,2100,870,1170,1430,1000,670,1550,297
3416,1680,510,700,1440,1520,1000,2200,420
2547,1200,280,360,1450,2200,1400,2950,581
1773,1000,145,180,1460,2980,1720,3820,799
1066,750,72,84,1470,3900,2300,4740,1124
539,195,22,40,1480,4900,3000,5690,1606
Time,Price,%,SD
25/03 15:35,"1,431.89",-2.62,10.13
Base,High,Low,CALL,,PUT,Low,High,Base
10610,5300,3700,4330,1390,230,130,330,77
7331,4440,2800,3420,1400,310,200,490,106
6620,3500,2040,2570,1410,450,230,720,153
5264,2720,1390,1810,1420,670,350,1050,220
4406,2100,870,1170,1430,1020,670,1550,297
3416,1680,510,680,1440,1530,1000,2200,420
2547,1200,280,360,1450,2200,1400,2950,581
1773,1000,145,175,1460,3020,1720,3820,799
1066,750,72,84,1470,3920,2300,4740,1124
539,195,22,42,1480,4900,3000,5690,1606
Time,Price,%,SD
25/03 15:42,"1,432.06",-2.61,10.13
Base,High,Low,CALL,,PUT,Low,High,Base
10610,5300,3700,4350,1390,220,130,330,77
7331,4440,2800,3500,1400,320,200,490,106
6620,3500,2040,2650,1410,450,230,720,153
5264,2720,1390,1850,1420,660,350,1050,220
4406,2100,870,1190,1430,990,670,1550,297
3416,1680,510,700,1440,1520,1000,2200,420
2547,1200,280,370,1450,2200,1400,2950,581
1773,1000,145,185,1460,3000,1720,3820,799
1066,750,72,84,1470,3910,2300,4740,1124
539,195,22,40,1480,4860,3000,5690,1606
Time,Price,%,SD
25/03 15:47,"1,432.84",-2.56,10.13
Base,High,Low,CALL,,PUT,Low,High,Base
10610,5300,3700,4480,1390,220,130,330,77
7331,4440,2800,3560,1400,300,200,490,106
6620,3500,2040,2610,1410,420,230,720,153
5264,2720,1390,1840,1420,640,350,1050,220
4406,2100,870,1160,1430,980,670,1550,297
3416,1680,510,690,1440,1450,1000,2200,420
2547,1200,280,380,1450,2150,1400,2950,581
1773,1000,145,175,1460,2980,1720,3820,799
1066,750,72,80,1470,3810,2300,4740,1124
539,195,22,36,1480,4770,3000,5690,1606
Time,Price,%,SD
25/03 15:49,"1,432.84",-2.56,10.13
Base,High,Low,CALL,,PUT,Low,High,Base
10610,5300,3700,4480,1390,220,130,330,77
7331,4440,2800,3560,1400,300,200,490,106
6620,3500,2040,2610,1410,420,230,720,153
5264,2720,1390,1840,1420,640,350,1050,220
4406,2100,870,1160,1430,980,670,1550,297
3416,1680,510,690,1440,1450,1000,2200,420
2547,1200,280,380,1450,2150,1400,2950,581
1773,1000,145,175,1460,2980,1720,3820,799
1066,750,72,80,1470,3810,2300,4740,1124
539,195,22,36,1480,4770,3000,5690,1606
Time,Price,%,SD
25/03 15:51,"1,431.75",-2.63,10.13
Base,High,Low,CALL,,PUT,Low,High,Base
10610,5300,3700,4480,1390,220,130,330,77
7331,4440,2800,3560,1400,300,200,490,106
6620,3500,2040,2610,1410,420,230,720,153
5264,2720,1390,1840,1420,640,350,1050,220
4406,2100,870,1160,1430,980,670,1550,297
3416,1680,510,690,1440,1450,1000,2200,420
2547,1200,280,380,1450,2150,1400,2950,581
1773,1000,145,175,1460,2980,1720,3820,799
1066,750,72,80,1470,3810,2300,4740,1124
539,195,22,36,1480,4770,3000,5690,1606
Time,Price,%,SD
25/03 15:56,"1,432.98",-2.55,10.13
Base,High,Low,CALL,,PUT,Low,High,Base
10610,5300,3700,4370,1390,230,130,330,77
7331,4440,2800,3440,1400,320,200,490,106
6620,3500,2040,2560,1410,460,230,720,153
5264,2720,1390,1780,1420,680,350,1050,220
4406,2100,870,1160,1430,1030,670,1550,297
3416,1680,510,680,1440,1550,1000,2200,420
2547,1200,280,360,1450,2230,1400,2950,581
1773,1000,145,180,1460,3050,1720,3820,799
1066,750,72,84,1470,3950,2300,4740,1124
539,195,22,42,1480,4900,3000,5690,1606
Time,Price,%,SD
25/03 15:58,"1,432.98",-2.55,10.13
Base,High,Low,CALL,,PUT,Low,High,Base
10610,5300,3700,4500,1390,210,130,330,77
7331,4440,2800,3480,1400,300,200,490,106
6620,3500,2040,2720,1410,420,230,720,153
5264,2720,1390,1940,1420,640,350,1050,220
4406,2100,870,1250,1430,960,670,1550,297
3416,1680,510,750,1440,1470,1000,2200,420
2547,1200,280,400,1450,2100,1400,2950,581
1773,1000,145,195,1460,2900,1720,3820,799
1066,750,72,88,1470,3850,2300,4740,1124
539,195,22,42,1480,4800,3000,5690,1606
Time,Price,%,SD
25/03 16:06,"1,430.42",-2.72,10.13
Base,High,Low,CALL,,PUT,Low,High,Base
10610,5300,3700,4530,1390,220,130,330,77
7331,4440,2800,3550,1400,310,200,490,106
6620,3500,2040,2710,1410,440,230,720,153
5264,2720,1390,1890,1420,650,350,1050,220
4406,2100,870,1240,1430,980,670,1550,297
3416,1680,510,740,1440,1480,1000,2200,420
2547,1200,280,390,1450,2130,1400,2950,581
1773,1000,145,195,1460,2910,1720,3820,799
1066,750,64,88,1470,3810,2300,4740,1124
539,195,22,42,1480,4760,3000,5690,1606
Time,Price,%,SD
25/03 16:09,"1,430.42",-2.72,10.13
Base,High,Low,CALL,,PUT,Low,High,Base
10610,5300,3700,4250,1390,220,130,330,77
7331,4440,2800,3350,1400,310,200,490,106
6620,3500,2040,2440,1410,460,230,720,153
5264,2720,1390,1730,1420,680,350,1050,220
4406,2100,870,1100,1430,1050,670,1550,297
3416,1680,510,640,1440,1570,1000,2200,420
2547,1200,280,330,1450,2300,1400,2950,581
1773,1000,145,160,1460,3100,1720,3820,799
1066,750,64,76,1470,4050,2300,4740,1124
539,195,22,32,1480,5100,3000,5690,1606
Time,Price,%,SD
25/03 16:11,"1,430.16",-2.74,10.13
Base,High,Low,CALL,,PUT,Low,High,Base
10610,5300,3700,4250,1390,220,130,330,77
7331,4440,2800,3350,1400,310,200,490,106
6620,3500,2040,2440,1410,460,230,720,153
5264,2720,1390,1730,1420,680,350,1050,220
4406,2100,870,1100,1430,1050,670,1550,297
3416,1680,510,640,1440,1570,1000,2200,420
2547,1200,280,330,1450,2300,1400,2950,581
1773,1000,145,160,1460,3100,1720,3820,799
1066,750,64,76,1470,4050,2300,4740,1124
539,195,22,32,1480,5100,3000,5690,1606
Time,Price,%,SD
25/03 16:17,"1,430.16",-2.74,10.13
Base,High,Low,CALL,,PUT,Low,High,Base
10610,5300,3700,4000,1390,240,130,330,77
7331,4440,2800,2980,1400,340,200,490,106
6620,3500,2040,2230,1410,520,230,720,153
5264,2720,1390,1600,1420,750,350,1050,220
4406,2100,870,990,1430,1160,670,1550,297
3416,1680,510,580,1440,1720,1000,2200,420
2547,1200,270,290,1450,2430,1400,2950,581
1773,1000,130,150,1460,3300,1720,3820,799
1066,750,60,66,1470,4290,2300,4740,1124
539,195,22,30,1480,5400,3000,5690,1606
Time,Price,%,SD
25/03 16:24,"1,427.67",-2.91,10.13
Base,High,Low,CALL,,PUT,Low,High,Base
9120,5440,4820,4820,1380,197,84,230,52
10610,5300,3700,3983,1390,273,130,330,77
7331,4440,2800,3060,1400,388,200,490,106
6620,3500,2040,2258,1410,576,230,720,153
5264,2720,1390,1528,1420,842,350,1050,220
4406,2100,870,934,1430,1250,670,1550,297
3416,1680,500,555,1440,1849,1000,2200,420
2547,1200,260,296,1450,2602,1400,2950,581
1773,1000,130,146,1460,3438,1720,3820,799
1066,750,60,70,1470,4400,2300,4740,1124
Time,Price,%,SD
25/03 16:30,"1,427.67",-2.91,10.13
Base,High,Low,CALL,,PUT,Low,High,Base
9120,5440,4820,4820,1380,197,84,230,52
10610,5300,3700,3983,1390,273,130,330,77
7331,4440,2800,3060,1400,388,200,490,106
6620,3500,2040,2258,1410,576,230,720,153
5264,2720,1390,1528,1420,842,350,1050,220
4406,2100,870,934,1430,1250,670,1550,297
3416,1680,500,555,1440,1849,1000,2200,420
2547,1200,260,296,1450,2602,1400,2950,581
1773,1000,130,146,1460,3438,1720,3820,799
1066,750,60,70,1470,4400,2300,4740,1124
Time,Price,%,SD
25/03 16:24,"1,427.67",-2.91,10.13
Base,High,Low,CALL,,PUT,Low,High,Base
9120,5440,4820,4820,1380,197,84,230,52
10610,5300,3700,3983,1390,273,130,330,77
7331,4440,2800,3060,1400,388,200,490,106
6620,3500,2040,2258,1410,576,230,720,153
5264,2720,1390,1528,1420,842,350,1050,220
4406,2100,870,934,1430,1250,670,1550,297
3416,1680,500,555,1440,1849,1000,2200,420
2547,1200,260,296,1450,2602,1400,2950,581
1773,1000,130,146,1460,3438,1720,3820,799
1066,750,60,70,1470,4400,2300,4740,1124
Time,Price,%,SD
25/03 16:24,"1,427.67",-2.91,10.13
Base,High,Low,CALL,,PUT,Low,High,Base
9120,5440,4820,4820,1380,197,84,230,52
10610,5300,3700,3983,1390,273,130,330,77
7331,4440,2800,3060,1400,388,200,490,106
6620,3500,2040,2258,1410,576,230,720,153
5264,2720,1390,1528,1420,842,350,1050,220
4406,2100,870,934,1430,1250,670,1550,297
3416,1680,500,555,1440,1849,1000,2200,420
2547,1200,260,296,1450,2602,1400,2950,581
1773,1000,130,146,1460,3438,1720,3820,799
1066,750,60,70,1470,4400,2300,4740,1124
Time,Price,%,SD
25/03 16:24,"1,427.67",-2.91,10.13
Base,High,Low,CALL,,PUT,Low,High,Base
9120,5440,4820,4820,1380,197,84,230,52
10610,5300,3700,3983,1390,273,130,330,77
7331,4440,2800,3060,1400,388,200,490,106
6620,3500,2040,2258,1410,576,230,720,153
5264,2720,1390,1528,1420,842,350,1050,220
4406,2100,870,934,1430,1250,670,1550,297
3416,1680,500,555,1440,1849,1000,2200,420
2547,1200,260,296,1450,2602,1400,2950,581
1773,1000,130,146,1460,3438,1720,3820,799
1066,750,60,70,1470,4400,2300,4740,1124
Time,Price,%,SD
25/03 16:24,"1,427.67",-2.91,10.13
Base,High,Low,CALL,,PUT,Low,High,Base
9120,5440,4820,4820,1380,197,84,230,52
10610,5300,3700,3983,1390,273,130,330,77
7331,4440,2800,3060,1400,388,200,490,106
6620,3500,2040,2258,1410,576,230,720,153
5264,2720,1390,1528,1420,842,350,1050,220
4406,2100,870,934,1430,1250,670,1550,297
3416,1680,500,555,1440,1849,1000,2200,420
2547,1200,260,296,1450,2602,1400,2950,581
1773,1000,130,146,1460,3438,1720,3820,799
1066,750,60,70,1470,4400,2300,4740,1124
Time,Price,%,SD
25/03 16:24,"1,427.67",-2.91,10.13
Base,High,Low,CALL,,PUT,Low,High,Base
9120,5440,4820,4820,1380,197,84,230,52
10610,5300,3700,3983,1390,273,130,330,77
7331,4440,2800,3060,1400,388,200,490,106
6620,3500,2040,2258,1410,576,230,720,153
5264,2720,1390,1528,1420,842,350,1050,220
4406,2100,870,934,1430,1250,670,1550,297
3416,1680,500,555,1440,1849,1000,2200,420
2547,1200,260,296,1450,2602,1400,2950,581
1773,1000,130,146,1460,3438,1720,3820,799
1066,750,60,70,1470,4400,2300,4740,1124
Time,Price,%,SD
25/03 16:24,"1,427.67",-2.91,10.13
Base,High,Low,CALL,,PUT,Low,High,Base
9120,5440,4820,5007,1380,197,84,230,52
10610,5300,3700,3983,1390,273,130,330,77
7331,4440,2800,3136,1400,388,200,490,106
6620,3500,2040,2258,1410,576,230,720,153
5264,2720,1390,1528,1420,842,350,1050,220
4406,2100,870,934,1430,1250,670,1550,297
3416,1680,500,555,1440,1849,1000,2200,420
2547,1200,260,296,1450,2602,1400,2950,581
1773,1000,130,146,1460,3438,1720,3820,799
1066,750,60,70,1470,4340,2300,4740,1124
Time,Price,%,SD
25/03 16:24,"1,427.67",-2.91,10.13
Base,High,Low,CALL,,PUT,Low,High,Base
9120,5440,4820,5007,1380,197,84,230,52
10610,5300,3700,3983,1390,273,130,330,77
7331,4440,2800,3136,1400,388,200,490,106
6620,3500,2040,2258,1410,576,230,720,153
5264,2720,1390,1528,1420,842,350,1050,220
4406,2100,870,934,1430,1250,670,1550,297
3416,1680,500,555,1440,1849,1000,2200,420
2547,1200,260,296,1450,2602,1400,2950,581
1773,1000,130,146,1460,3438,1720,3820,799
1066,750,60,70,1470,4340,2300,4740,1124
Time,Price,%,SD
25/03 16:24,"1,427.67",-2.91,10.13
Base,High,Low,CALL,,PUT,Low,High,Base
9120,5440,4820,5007,1380,197,84,230,52
10610,5300,3700,3983,1390,273,130,330,77
7331,4440,2800,3136,1400,388,200,490,106
6620,3500,2040,2258,1410,576,230,720,153
5264,2720,1390,1528,1420,842,350,1050,220
4406,2100,870,934,1430,1250,670,1550,297
3416,1680,500,555,1440,1849,1000,2200,420
2547,1200,260,296,1450,2602,1400,2950,581
1773,1000,130,146,1460,3438,1720,3820,799
1066,750,60,70,1470,4340,2300,4740,1124
Time,Price,%,SD
25/03 16:24,"1,427.67",-2.91,10.13
Base,High,Low,CALL,,PUT,Low,High,Base
9120,5440,4820,5007,1380,197,84,230,52
10610,5300,3700,3983,1390,273,130,330,77
7331,4440,2800,3136,1400,388,200,490,106
6620,3500,2040,2258,1410,576,230,720,153
5264,2720,1390,1528,1420,842,350,1050,220
4406,2100,870,934,1430,1250,670,1550,297
3416,1680,500,555,1440,1849,1000,2200,420
2547,1200,260,296,1450,2602,1400,2950,581
1773,1000,130,146,1460,3438,1720,3820,799
1066,750,60,70,1470,4340,2300,4740,1124
Time,Price,%,SD
25/03 16:24,"1,427.67",-2.91,10.13
Base,High,Low,CALL,,PUT,Low,High,Base
9120,5440,4820,5007,1380,197,84,230,52
10610,5300,3700,3983,1390,273,130,330,77
7331,4440,2800,3136,1400,388,200,490,106
6620,3500,2040,2258,1410,576,230,720,153
5264,2720,1390,1528,1420,842,350,1050,220
4406,2100,870,934,1430,1250,670,1550,297
3416,1680,500,555,1440,1849,1000,2200,420
2547,1200,260,296,1450,2602,1400,2950,581
1773,1000,130,146,1460,3438,1720,3820,799
1066,750,60,70,1470,4340,2300,4740,1124
Time,Price,%,SD
25/03 16:24,"1,427.67",-2.91,10.13
Base,High,Low,CALL,,PUT,Low,High,Base
9120,5440,4820,5007,1380,197,84,230,52
10610,5300,3700,3983,1390,273,130,330,77
7331,4440,2800,3136,1400,388,200,490,106
6620,3500,2040,2258,1410,576,230,720,153
5264,2720,1390,1528,1420,842,350,1050,220
4406,2100,870,934,1430,1250,670,1550,297
3416,1680,500,555,1440,1849,1000,2200,420
2547,1200,260,296,1450,2602,1400,2950,581
1773,1000,130,146,1460,3438,1720,3820,799
1066,750,60,70,1470,4340,2300,4740,1124
Time,Price,%,SD
25/03 16:24,"1,427.67",-2.91,10.13
Base,High,Low,CALL,,PUT,Low,High,Base
9120,5440,4820,5007,1380,197,84,230,52
10610,5300,3700,3983,1390,273,130,330,77
7331,4440,2800,3136,1400,388,200,490,106
6620,3500,2040,2258,1410,576,230,720,153
5264,2720,1390,1528,1420,842,350,1050,220
4406,2100,870,934,1430,1250,670,1550,297
3416,1680,500,555,1440,1849,1000,2200,420
2547,1200,260,296,1450,2602,1400,2950,581
1773,1000,130,146,1460,3438,1720,3820,799
1066,750,60,70,1470,4340,2300,4740,1124
Time,Price,%,SD
25/03 16:24,"1,427.67",-2.91,10.13
Base,High,Low,CALL,,PUT,Low,High,Base
9120,5440,4820,5007,1380,197,84,230,52
10610,5300,3700,3983,1390,273,130,330,77
7331,4440,2800,3136,1400,388,200,490,106
6620,3500,2040,2258,1410,576,230,720,153
5264,2720,1390,1528,1420,842,350,1050,220
4406,2100,870,934,1430,1250,670,1550,297
3416,1680,500,555,1440,1849,1000,2200,420
2547,1200,260,296,1450,2602,1400,2950,581
1773,1000,130,146,1460,3438,1720,3820,799
1066,750,60,70,1470,4340,2300,4740,1124
Time,Price,%,SD
25/03 16:24,"1,427.67",-2.91,10.13
Base,High,Low,CALL,,PUT,Low,High,Base
9120,5440,4820,5007,1380,197,84,230,52
10610,5300,3700,3983,1390,273,130,330,77
7331,4440,2800,3136,1400,388,200,490,106
6620,3500,2040,2258,1410,576,230,720,153
5264,2720,1390,1528,1420,842,350,1050,220
4406,2100,870,934,1430,1250,670,1550,297
3416,1680,500,555,1440,1849,1000,2200,420
2547,1200,260,296,1450,2602,1400,2950,581
1773,1000,130,146,1460,3438,1720,3820,799
1066,750,60,70,1470,4340,2300,4740,1124
Time,Price,%,SD
25/03 16:24,"1,427.67",-2.91,10.13
Base,High,Low,CALL,,PUT,Low,High,Base
9120,5440,4820,5007,1380,197,84,230,52
10610,5300,3700,3983,1390,273,130,330,77
7331,4440,2800,3136,1400,388,200,490,106
6620,3500,2040,2258,1410,576,230,720,153
5264,2720,1390,1528,1420,842,350,1050,220
4406,2100,870,934,1430,1250,670,1550,297
3416,1680,500,555,1440,1849,1000,2200,420
2547,1200,260,296,1450,2602,1400,2950,581
1773,1000,130,146,1460,3438,1720,3820,799
1066,750,60,70,1470,4340,2300,4740,1124
Time,Price,%,SD
25/03 16:24,"1,427.67",-2.91,10.13
Base,High,Low,CALL,,PUT,Low,High,Base
9120,5440,4820,5007,1380,197,84,230,52
10610,5300,3700,3983,1390,273,130,330,77
7331,4440,2800,3136,1400,388,200,490,106
6620,3500,2040,2258,1410,576,230,720,153
5264,2720,1390,1528,1420,842,350,1050,220
4406,2100,870,934,1430,1250,670,1550,297
3416,1680,500,555,1440,1849,1000,2200,420
2547,1200,260,296,1450,2602,1400,2950,581
1773,1000,130,146,1460,3438,1720,3820,799
1066,750,60,70,1470,4340,2300,4740,1124
Time,Price,%,SD
25/03 16:24,"1,427.67",-2.91,10.13
Base,High,Low,CALL,,PUT,Low,High,Base
9120,5440,4820,5007,1380,197,84,230,52
10610,5300,3700,3983,1390,273,130,330,77
7331,4440,2800,3136,1400,388,200,490,106
6620,3500,2040,2258,1410,576,230,720,153
5264,2720,1390,1528,1420,842,350,1050,220
4406,2100,870,934,1430,1250,670,1550,297
3416,1680,500,555,1440,1849,1000,2200,420
2547,1200,260,296,1450,2602,1400,2950,581
1773,1000,130,146,1460,3438,1720,3820,799
1066,750,60,70,1470,4340,2300,4740,1124
